<?xml version="1.0" encoding="UTF-8"?>
 <!DOCTYPE mapper PUBLIC "-//ibatis.apache.org//DTD Mapper 3.0//EN"      
 "http://ibatis.apache.org/dtd/ibatis-3-mapper.dtd">
<mapper namespace="com.ja.dao.ActivityMapper">

	<!-- 查询所有开启的活动 -->
	<select id="findEnableActivity" resultType="Activity">
		SELECT * FROM
		cp_activity
		WHERE status != 0
		ORDER BY sort
	</select>

	<!-- 查询所有的活动 -->
	<select id="findAllActivity" resultType="Activity">
		SELECT * FROM
		cp_activity
		ORDER BY sort
	</select>

	<!-- 根据id查询活动详情 -->
	<select id="findOneActivity" resultType="Activity">
		SELECT * FROM cp_activity
		WHERE id = #{id}
	</select>

	<!-- 根据类型查询活动详情 -->
	<select id="findActivityByType" resultType="Activity">
		SELECT * FROM cp_activity
		WHERE type = #{type}
		AND status != 0
	</select>

	<!-- 添加活动名称 -->
	<insert id="addtianjiahuodong">
		insert into cp_activity (name,created_time) VALUES
		(#{name},#{date})
	</insert>

	<!-- 添加活动信息 -->
	<insert id="insertActivity" parameterType="Activity"
		useGeneratedKeys="true" keyProperty="id">
		INSERT INTO
		cp_activity(name,present,present1,present2,photo_path,type,created_user,created_time)
		values(
		#{name},#{present},#{present1},#{present2},#{photo_path},#{type},#{created_user},#{created_time}
		)
	</insert>

	<!-- 修改活动信息 -->
	<update id="updateActivity" parameterType="Activity">
		UPDATE cp_activity SET
			<if test="name!=null">
				name=#{name},
			</if>
			<if test="present!=null">
				present=#{present},
			</if>
			<if test="present1!=null">
				present1=#{present1},
			</if>
			<if test="present2!=null">
				present2=#{present2},
			</if>
			<if test="photo_path!=null">
				photo_path=#{photo_path},
			</if>
			<if test="type!=null">
				type=#{type},
			</if>
			<if test="qq!=null">
				qq=#{qq},
			</if>
			<if test="status!=null">
				status=#{status},
			</if>
			<if test="created_time !=null and created_time !=''">
				created_time=#{created_time}
			</if>
		WHERE id= #{id}
	</update>

	<!-- 修改弹窗内容 -->
	<update id="updateAlter" parameterType="Activity">
		UPDATE cp_activity SET alert1=#{alert1}
		WHERE id = #{id}
	</update>

	<!-- 删除活动 -->
	<delete id="deletehd">
		delete from cp_activity
		where id=#{id}
	</delete>

	<!-- 对活动进行排序 -->
	<update id="sortActivity">
		UPDATE cp_activity SET sort = #{0}
		WHERE id =#{1}
	</update>


</mapper> 