<?xml version="1.0" encoding="UTF-8"?>
 <!DOCTYPE mapper PUBLIC "-//ibatis.apache.org//DTD Mapper 3.0//EN"      
 "http://ibatis.apache.org/dtd/ibatis-3-mapper.dtd">
<mapper namespace="com.ja.dao.AddPaymentMapper">

	<!-- 添加后台用户 -->
	<insert id="AddPayment" parameterType="ScavengingPayment">
		INSERT INTO cp_scavengingPayment
		(name,pictureAddress,created_user,created_date,paymentType)
		VALUES
		(#{Payment.name},#{Payment.pictureAddress},#{Payment.created_user},#{Payment.created_date},#{Payment.paymentType})
	</insert>
	<!-- 查询全部扫码支付信息 -->
	<select id="QueryPaymentInformation" resultType="ScavengingPayment">
		select * from cp_scavengingPayment
	</select>
	<!-- 查询全部扫码支付信息 -->
	<select id="QueryPaymentInformation1" resultType="ScavengingPayment">
		select * from cp_scavengingPayment WHERE state = 1
	</select>
	<!-- 禁用-启用 -->
	<update id="state">
		update cp_scavengingPayment set state=#{state} where id=#{id}
	</update>
	
	<!-- 修改扫码支付信息 -->
	<update id="modifyPaymentInterface" parameterType="ScavengingPayment">
		update cp_scavengingPayment set 
		<if test="Payment.name != null and Payment.name != ''">
			name=#{Payment.name}
		</if>
		<if test="Payment.pictureAddress != null and Payment.pictureAddress != ''">
			,pictureAddress=#{Payment.pictureAddress} 
		</if>
		where id=#{Payment.id}
	</update>
	<!-- 删除扫码支付接口 -->
	<delete id="deletingPayment" parameterType="ScavengingPayment">
		<if test="Payment.id != null">
			delete from cp_scavengingPayment where id=#{Payment.id}
		</if>
	</delete>
</mapper> 