<?xml version="1.0" encoding="UTF-8"?>
 <!DOCTYPE mapper PUBLIC "-//ibatis.apache.org//DTD Mapper 3.0//EN"      
 "http://ibatis.apache.org/dtd/ibatis-3-mapper.dtd">
<mapper namespace="com.ja.dao.AdminMapper">

	<!-- 查询所有的系统设置 -->
	<select id="findAllConfig" resultType="Admin">
		SELECT * FROM cp_admin
	</select>
	
	<!-- 聊天室开启或关闭 -->
	<update id="updateChatRoom">
	UPDATE cp_admin SET 
	chatroomFlag = #{chatroomFlag}
	WHERE id = 1
	</update>
	
	<!-- 充值提款消息 聊天室显示 开启或关闭 -->
	<update id="messageFlag">
	UPDATE cp_admin SET
	messageFlag=#{state}
	WHERE id = 1
	</update>
	

	<!-- 首页轮播图设置 -->
	<update id="update">
		update cp_admin set
		sy1=#{a.sy1},sy2=#{a.sy2},sy3=#{a.sy3},sy4=#{a.sy4},sy5=#{a.sy5}
	</update>

	<!-- 通知设置 -->
	<update id="updateTongzhi">
		update cp_admin set notice=#{notice}
	</update>

	<!-- 网站维护设置 -->
	<update id="upwangzhanflag">
		update cp_admin set weihukaiguan = #{weihukaiguan}
	</update>

	<!-- 网站维护原因 -->
	<update id="upweihuyuanyin">
		update cp_admin set weihuyuanyin = #{weihuyuanyin}
	</update>

	<!-- 帐变开关 -->
	<update id="upzhangbianflag">
		update cp_admin set zhangbiankaiguan =
		#{zhangbiankaiguan}
	</update>

	<!-- 白名单开关 -->
	<update id="upbaimingdanflag">
		update cp_admin set baimingdankaiguan =
		#{baimingdankaiguan}
	</update>

	<!--跟单-第几单开始跟单以及倍数 -->
	<update id="updateGendanDate">
		UPDATE cp_admin SET gendancs = #{count}
	</update>

	<!-- 白名单开关 -->
	<update id="updateFlag">
		update cp_admin set ${parameter} = #{flag}
	</update>

	<!-- 开启试玩帐号 -->
	<select id="getCplay" resultType="java.lang.Integer">
		SELECT shiwanzhucekaiqi FROM
		cp_admin
		WHERE id = 1
	</select>

	<!-- 反水规则修改 -->
	<update id="defectionRuleUp">
		UPDATE cp_admin SET fanshuiContent =
		#{admin.fanshuiContent},fanshuiPicture=#{admin.fanshuiPicture}
		WHERE id
		= #{admin.id}
	</update>

	<!-- 签到设置 -->
	<update id="updateData">
		UPDATE cp_admin SET
		qiandaoflag
		=#{a.qiandaoflag},meiriMoney=#{a.meiriMoney},meiyueMoney=#{a.meiyueMoney},lishiMoney=#{a.lishiMoney},
		yueMoney
		=#{a.yueMoney},moneyType=#{a.moneyType},moneySuiji=#{a.moneySuiji},moneyGuding=#{a.moneyGuding}
		WHERE id = #{a.id}
	</update>

	<!-- 红包设置 -->
	<update id="updateSystemEnvelope">
		UPDATE cp_admin SET
		meiriJine=#{a.meiriJine},meiyueJine=#{a.meiyueJine},lishiJine=#{a.lishiJine},
		yueJine=#{a.yueJine}
		WHERE id = #{a.id}
	</update>

	<!-- 领取红包所需的条件 -->
	<select id="getRedPackSx" resultType="Admin">
		SELECT
		meiriJine,meiyueJine,lishiJine,yueJine
		FROM cp_admin
	</select>

	<!-- 聊天室领取红包所需统计 -->
	<select id="getTongJi" resultType="Admin">
	SELECT d.fk AS 'meiriJine',m.fk AS 'meiyueJine',ls.fk AS 'lishiJine' FROM
		(SELECT IFNULL(SUM(bdjine),0) AS fk FROM cp_liushui WHERE userid= #{id} AND createtime LIKE CONCAT('%',#{date1},'%') AND bdtype IN( '在线充值' ,'人工加款')) AS d,
		(SELECT IFNULL(SUM(bdjine),0) AS fk FROM cp_liushui WHERE userid= #{id} AND createtime LIKE CONCAT('%',#{date2},'%') AND bdtype IN( '在线充值' ,'人工加款')) AS m,
		(SELECT IFNULL(SUM(bdjine),0) AS fk FROM cp_liushui WHERE userid= #{id} AND bdtype IN( '在线充值' ,'人工加款'))  AS ls
	</select>

	<!-- 幸运大转盘开关和图片 -->
	<update id="updateLuckyFlag">
		UPDATE cp_admin SET
		luckyFlag=#{a.luckyFlag},rechargeMoney=#{a.rechargeMoney},returnMoney=#{a.returnMoney},
		luckyTitle=#{a.luckyTitle},dluckCount=#{a.dluckCount},dluckFlag=#{a.dluckFlag},
		xluckCount=#{a.xluckCount},xluckFlag=#{a.xluckFlag}
		WHERE id = #{a.id}
	</update>
	
	<!-- 修改下注单注金额 -->
	<update id="modifyBuy">
		UPDATE cp_admin SET
		<if test="a.buy1!=null and a.buy1!=''">
		buy1=#{a.buy1}
		</if>
		<if test="a.buy2!=null and a.buy2!=''">
		buy2=#{a.buy2}
		</if>
		<if test="a.buy3!=null and a.buy3!=''">
		buy3=#{a.buy3}
		</if>
		<if test="a.buy4!=null and a.buy4!=''">
		buy4=#{a.buy4}
		</if>
		<if test="a.buy5!=null and a.buy5!=''">
		buy5=#{a.buy5}
		</if>
		WHERE id = 1
	</update>
	
	<!-- 修改日常提款设置 -->
	<update id="updateDrawingSteup">
	UPDATE cp_admin SET
	<if test="drawingRatio!=null">
	 drawingRatio = #{drawingRatio},
	</if>
	<if test="drawingFlag!=null">
	 drawingFlag = #{drawingFlag},
	</if>
	<if test="drawingMoney!=null">
	drawingMoney =#{drawingMoney},
	</if>
	<if test="dcountMoney!=null">
	dcountMoney=#{dcountMoney},
	</if>
	dcountFlag="1"
	WHERE id =#{id}
	</update>
	
	<!-- 查询表数据数量 -->
	<select id="findDatabaseCounts" resultType="java.lang.Integer">
		SELECT COUNT(id) FROM ${dataBaseName}
	</select>
	
	<!-- 查询满足清理条件的表，数据id-->
	<select id="findDatabaseLimit" resultType="java.lang.Integer">
	SELECT c.id FROM
		( SELECT id FROM ${dataBaseName} ORDER BY id DESC
	LIMIT 0, 24000 ) c
		ORDER BY c.id ASC LIMIT 1
	</select>
	
	<!-- 批量删除数据  -->
	<delete id="deleteData">
		<if test="dataBaseName == 'cp_data'">
			DELETE FROM ${dataBaseName}
		WHERE <![CDATA[id < #{id} ]]> and cName != 'bjl'
		</if>
		<if test="dataBaseName != 'cp_data'">
			DELETE FROM ${dataBaseName}
		WHERE <![CDATA[id < #{id} ]]>
		</if>
	</delete>

</mapper> 