<?xml version="1.0" encoding="UTF-8" ?>  
<!DOCTYPE mapper PUBLIC "-//ibatis.apache.org//DTD Mapper 3.0//EN"      
 "http://ibatis.apache.org/dtd/ibatis-3-mapper.dtd">
<mapper namespace="com.ja.dao.AgencyCenterMapper">
	<!-- 查询代理的全部连接 -->	
	<select id="pueryProxyLinks" resultType="AgentLink">
		SELECT userName,invitationCode,inferiorOdds,iCode,gamePlayer FROM cp_agent_link WHERE userName=#{userName} AND gamePlayer = #{gamePlayer}
	</select>
	<!-- 插入代理连接 -->
	<insert id="insertProxyLinks">
		INSERT INTO cp_agent_link(userName,userId,invitationCode,inferiorOdds,iCode,gamePlayer) VALUES 
		(#{userName},#{userId},#{invitationCode},#{inferiorOdds},#{iCode},#{gamePlayer})
	</insert>
	<!-- 查询数据库里面最新的一条数据id 主要用来保证邀请码的唯一性 -->
	<select id="agencyId" resultType="java.lang.Integer">
		SELECT id FROM cp_agent_link ORDER  BY id DESC LIMIT 1
	</select>
	<!-- 根据邀请码查询代理 -->
	<select id="pueryagencyInvitationCode" resultType="AgentLink">
		SELECT * FROM cp_agent_link WHERE invitationCode=#{invitationCode}
	</select>
	<!-- 根据推广链接查询代理-->
	<select id="pueryagencyLinks" resultType="AgentLink">
		SELECT * FROM cp_agent_link WHERE iCode=#{iCode}
	</select>
	<!-- 查询上级代理 -->
	<select id="treeData" resultType="User">
		SELECT id,name,Fid,odds FROM cp_user WHERE id = #{Fid}
	</select>
	<!-- 根据动态sql查询代理下面用户的投注记录 -->
	<select id="xjcathecticRecord" resultType="Order">
		SELECT
			o.*
		FROM
			cp_order o,
			cp_user u
		WHERE
			o.userId = u.id
			<if test="xname != null and xname != ''">
			AND o.huiyuanzh = #{xname}  <!-- 根据下级用户名查询 -->
			</if>
			<if test="userid != null">
			AND u.Fid = #{userid}   <!-- 当只查询直属下级的时候可以查询  只要user里面的Fid等于 代理的id说明他是这个代理的下级 -->
			</if>
			<if test="state != null">
			AND o.state = #{state}  <!-- 根据开奖状态查询 -->
			</if>
			<if test="date1 != null and date1 != '' and date2 != null and date2!= ''">
			AND o.orderDate Between #{date1} and date_add(#{date2},interval 1 day) <!-- 根据开始时间和结束时间查询 -->
			</if>
			<if test="cname != null and cname != ''">
			AND o.cName =#{cname}  <!-- 根据彩种名查询 -->
			</if>
			ORDER BY id DESC LIMIT #{startIndex},#{lineCount}
	</select>
	
	<!-- 根据动态sql统计代理下面用户的投注记录 -->
	<select id="xjcathecticRecords" resultType="java.lang.Integer">
		SELECT
			IFNULL(COUNT(o.id),0)
		FROM
			cp_order o,
			cp_user u
		WHERE
				o.userId = u.id
			<if test="xname != null and xname != ''">
				AND o.huiyuanzh = #{xname}  <!-- 根据下级用户名查询 -->
			</if>
			<if test="userid != null">
				AND u.Fid = #{userid}   <!-- 当只查询 直属下级的时候可以查询  只要user里面的Fid等于 代理的id说明他是这个代理的下级 -->
			</if>
			<if test="state != null">
				AND o.state = #{state}  <!-- 根据开奖状态查询 -->
			</if>
			<if test="date1 != null and date1 != '' and date2 != null and date2!= ''">
				AND orderDate Between #{date1} and date_add(#{date2},interval 1 day) <!-- 根据开始时间和结束时间查询 -->
			</if>
			<if test="cname != null and cname != ''">
				AND o.cName =#{cname} <!-- 根据彩种名查询 -->
			</if>
	</select>
	<!-- 根据代理id查询所有直属下级 -->
	<select id="subordinate" resultType="User">
		SELECT * FROM cp_user WHERE Fid=#{id}
	</select>
	<!-- 根据用户名查询当前用户的账户流水 -->
	<select id="subordinatePipeline" resultType="Liushui">
		SELECT * FROM cp_liushui WHERE huiyuanzh=#{name}
		<if test="date1 != null and date2 != ''">
		AND createtime Between #{date1} and date_add(#{date2},interval 1 day)
		</if>
		ORDER BY id DESC LIMIT #{startIndex},#{lineCount}
	</select>
	<!-- 根据用户名统计当前用户的账户流水的条数 -->
	<select id="subordinatePipelines" resultType="java.lang.Integer">
		SELECT IFNULL(COUNT(id),0) FROM cp_liushui WHERE huiyuanzh=#{name}
		<if test="date1 != null and date2 != ''">
		AND createtime Between #{date1} and date_add(#{date2},interval 1 day)
		</if>
	</select>
	<!-- 根据当前的会员名查询当前 会员的充值提款记录 -->
	<select id="subordinateRecharge" resultType="Jine">
		SELECT * FROM cp_jine WHERE name=#{name}
		<if test="date1 != null and date2 != ''">
			AND sqtime Between #{date1} and date_add(#{date2},interval 1 day)
		</if>
		<if test="state == 1">
			<!-- 查询提款记录 -->
			AND  tikuanje != 0.00
		</if>
		<if test="state == 2">
			<!-- 查询充值记录 -->
			AND fukuanje != 0.00
		</if>
		ORDER BY id DESC LIMIT #{startIndex},#{lineCount}
	</select>
	<!-- 根据当前的会员名查询当前 会员的充值提款记录的总条数 -->
	<select id="subordinateRecharges" resultType="java.lang.Integer">
		SELECT IFNULL(COUNT(id),0) FROM cp_jine WHERE name=#{name}
		<if test="date1 != null and date2 != ''">
			AND sqtime Between #{date1} and date_add(#{date2},interval 1 day)
		</if>
		<if test="state == 1">
			<!-- 查询提款记录 -->
			AND  tikuanje != 0.00
		</if>
		<if test="state == 2">
			<!-- 查询充值记录 -->
			AND fukuanje != 0.00
		</if>
	</select>
	<!--  查询直属下级的账户流水 -->
	<select id="directlyUnder" resultType="Liushui">
		SELECT l.* FROM cp_user u,cp_liushui l WHERE u.name = l.huiyuanzh AND u.Fid = #{userid}
		<if test="date1 != null and date2 != ''">
			AND l.createtime Between #{date1} and date_add(#{date2},interval 1 day)
		</if>
		ORDER BY id DESC LIMIT #{startIndex},#{lineCount}
	</select>
	<!--  查询直属下级的账户流水总条数 -->
	<select id="directlyUnders" resultType="java.lang.Integer">
		SELECT IFNULL(COUNT(l.id),0) FROM cp_user u,cp_liushui l WHERE u.name = l.huiyuanzh AND u.Fid = #{userid}
		<if test="date1 != null and date2 != ''">
			AND l.createtime Between #{date1} and date_add(#{date2},interval 1 day)
		</if>
	</select>
		<!-- 查询直属下级的 充值提款 记录 -->
	<select id="rechargeWithdrawal" resultType="Jine">
		SELECT j.* FROM cp_user u,cp_jine j WHERE u.name=j.name AND u.Fid = #{userid}
		<if test="date1 != null and date2 != ''">
		AND j.sqtime Between #{date1} and date_add(#{date2},interval 1 day)
		</if>
		<if test="state == 1">
			<!-- 提现记录 -->
			AND  j.tikuanje != 0.00
		</if>
		<if test="state == 2">
			<!-- 充值记录 -->
			AND j.fukuanje != 0.00
		</if>
		ORDER BY id DESC LIMIT #{startIndex},#{lineCount}
	</select>
	<!-- 查询直属下级的 充值提款 记录 的总条数 -->
	<select id="rechargeWithdrawals" resultType="java.lang.Integer">
		SELECT IFNULL(COUNT(j.id),0) FROM cp_user u,cp_jine j WHERE u.name=j.name AND u.Fid = #{userid}
		<if test="date1 != null and date2 != ''">
		AND j.sqtime Between #{date1} and date_add(#{date2},interval 1 day)
		</if>
		<if test="state == 1">
			<!-- 提现记录 -->
			AND  j.tikuanje != 0.00
		</if>
		<if test="state == 2">
			<!-- 充值记录 -->
			AND j.fukuanje != 0.00
		</if>
	</select>
	<!-- 根据代理删除代理连接以及邀请码 -->
	<delete id="deleteAgenLink">
		DELETE FROM cp_agent_link WHERE userId=#{u.id} AND invitationCode=#{invitationCode}
	</delete>
</mapper>	
