<?xml version="1.0" encoding="UTF-8"?>
 <!DOCTYPE mapper PUBLIC "-//ibatis.apache.org//DTD Mapper 3.0//EN"      
 "http://ibatis.apache.org/dtd/ibatis-3-mapper.dtd">
<mapper namespace="com.ja.dao.AllExplainMapper">

	<insert id="insertExplain">
	INSERT INTO cp_all_explain(menu,doubt,content,menu_id,type,created_time)
	VALUES(#{menu},#{doubt},#{content},#{menu_id},#{type},#{created_time})
	</insert>

	<!-- 修改说明 -->
	<update id="updateExplain">
		UPDATE cp_all_explain SET
		<if test="menu!=null">
		menu = #{menu},
		</if>
		<if test="doubt != null">
		doubt = #{doubt},
		</if>
		<if test="content != null">
		content = #{content},
		</if>
		<if test="menu_id != null">
		menu_id = #{menu_id},
		</if>
		created_time = #{created_time}
		WHERE id = #{id}
	</update>
	
	<!--查询所有的说明 -->
	<select id="findAllExplain" resultType="AllExplain">
	<if test="type == 0">
	SELECT * FROM  cp_all_explain ORDER BY id DESC
	</if>
	<if test="type==1">
	SELECT * FROM  cp_all_explain
	WHERE type = 1 ORDER BY id DESC
	</if>
	<if test="type==2">
	SELECT * FROM  cp_all_explain
	WHERE type = 2 ORDER BY id DESC
	</if>
	<if test="type==3">
	SELECT * FROM  cp_all_explain
	WHERE type = 3 ORDER BY id DESC
	</if>
	<if test="type==4">
	SELECT id FROM  cp_all_explain
	WHERE type = 2 ORDER BY id DESC
	</if>
	</select>
	
	<!-- 根据id查询说明 -->
	<select id="findByIdExplain" resultType="AllExplain">
		SELECT * FROM  cp_all_explain
		WHERE id =#{id}
	</select>
	
	<!-- 根据菜单查出菜单分类的id  -->
	<select id="finMeunByDeleteId" resultType="java.lang.Integer">
	SELECT id FROM cp_all_explain
	WHERE menu_id = #{id} ORDER BY id DESC
	</select>
	
	<!-- 删除说明或者菜单   -->
	<delete id="deleteExplain">
	DELETE FROM cp_all_explain
	<if test="type==1">
	WHERE id = #{id}
	</if>
	<if test="type==2">
	WHERE id = #{id} OR menu_id IN(#{ids})
	</if>
	</delete>
	
</mapper> 