<?xml version="1.0" encoding="UTF-8"?>
 <!DOCTYPE mapper PUBLIC "-//ibatis.apache.org//DTD Mapper 3.0//EN"      
 "http://ibatis.apache.org/dtd/ibatis-3-mapper.dtd">
<mapper namespace="com.ja.dao.AMapper">

	<!-- 添加后台用户 -->
	<insert id="registerAdminUser" parameterType="AdminUser" useGeneratedKeys="true" keyProperty="id">
		INSERT INTO cp_adminuser
		(name,nick_name,pass,ip,admin_type,created_time)
		VALUES
		(#{name},#{nick_name},#{pass},#{ip},#{admin_type},#{created_time})
	</insert>

	<!-- 修改后台用户资料 -->
	<update id="updateAdminUser">
		UPDATE cp_adminuser SET
		<if test="nick_name!=null">
		   nick_name = #{nick_name},
		</if>
		<if test=" pass!=null and pass !='' ">
		   pass = #{pass},
		</if>
		<if test="ip!=null">
		   ip = #{ip},
		</if>
		<if test="admin_type!=null">
		   admin_type = #{admin_type},
		</if>
		<if test="note!=null">
		   note = #{note},
		</if>
		<if test="avatar!=null">
		   avatar = #{avatar},
		</if>
		<if test="roleid!=null">
		   roleid = #{roleid},
		</if>
		<if test="state!=null">
		   state = #{state},
		</if>
		<if test="created_time!=null">
		   created_time = #{created_time}
		</if>
		WHERE id = #{id}
	</update>

	<!-- 删除后台用户 -->
	<delete id="adminsc">
		delete from cp_adminuser where name=#{name}
	</delete>
	
	<!-- 禁用-启用后台用户 -->
	<update id="jyqy">
		update cp_adminuser set state=#{state} where name=#{name}
	</update>
	
	<!-- 根据帐号查询会员信息 -->
	<select id="yhcx" resultType="java.lang.String">
		select name from cp_user where name=#{name}
	</select>
	
	<!-- 添加会员用户 -->
	<insert id="register">
		insert into
		cp_user(name,pass,balance,state,createTime,telephone,qq,registerIp,lastTime,notTime,avatar,nicheng)
		values(#{name},#{pass},#{balance},#{state},now(),#{telephone},#{qq},#{ip},now(),'0天','img/user.jpg','彩票')
	</insert>
	
	<!-- 验证ip -->
	<select id="IP" resultType="com.ja.domain.AdminUser">
		select * from cp_adminuser where ip=#{ip}
	</select>

	<select id="operationlog" resultType="Operationlog">
		select * from cp_operationlog where time=#{time} order by id desc limit 0,100000000
	</select>
	<insert id="logonlog">
		insert into cp_logonlog(accountnumber,superrecord,ip,operationtime,time)
		values(#{accountnumber},#{superrecord},#{ip},#{operationtime},#{time})
	</insert>

	<select id="Allusers" resultType="AdminUser">
		select * from cp_adminuser order by id desc
	</select>
	<!-- 登录 -->
	<select id="admin" resultType="AdminUser">
		select * from cp_adminuser where name=#{name} and pass=#{pass}
	</select>

	<update id="modifyurl">
 	 	UPDATE cp_admin url SET url=#{url}
  	</update>

  <update id="setup">
 	 	UPDATE cp_admin money SET money=#{money}
  </update>
  
	<update id="updatawhole">
 	 	UPDATE cp_admin SET time=#{time},redenvelopes=#{redenvelopes},leavingamessage=#{leavingamessage},typeofredenvelopes=#{typeofredenvelopes},numberofredpackets=#{numberofredpackets}
  	</update>
  	
	<!-- 在线客服的设置 -->
	
	<!-- 查询所有的客服信息 -->
	<select id="findAllKeFuUser" resultType="AdminUser">
	  SELECT * FROM cp_adminuser WHERE admin_type NOT IN (0,4) ORDER BY id DESC
	</select>
	
	<!-- 根据id查询客服信息 -->
	<select id="findByIdAmdinUser" resultType="AdminUser">
	  SELECT * FROM cp_adminuser WHERE id = #{id}
	</select>
	
	<!-- 根据type查询客服信息 -->
	<select id="findByTypeKeFuUser" resultType="AdminUser">
	  SELECT * FROM cp_adminuser WHERE admin_type = #{type} ORDER BY id DESC
	</select>
	
	<!-- 删除在线客服 -->
	<delete id="deleteKeFuUser">
	DELETE FROM cp_adminuser WHERE id = #{id}
	</delete>
	
	<!-- 查询所有的管理员用户 -->
	<select id="findAllAdminInfo" resultType="AdminUser">
	SELECT * FROM cp_adminuser WHERE admin_type IN (0,4) ORDER BY id DESC
	</select>
	
	<!-- 删除用户权限  -->
	<delete id="delPower">
	DELETE FROM cp_qxgl WHERE adminid = #{id}
	</delete>
	
	<!-- 修改公告 -->
	<update id="updatagg">
		UPDATE cp_admin notice SET notice=#{notice}
	</update>
	<!-- 查询公告 -->
	<select id="querygg" resultType="java.lang.String">
		select notice from cp_admin
	</select>
	<!-- 查询总条数 -->
	<select id="getTotalrecord" resultType="java.lang.Integer">
		select COUNT(*) from cp_logonlog
	</select>
	<!-- 查询第几条到第几条的数据 -->
	<select id="getPageData" resultType="Logonlog">
		select * from cp_logonlog limit #{pageindex},#{row}
	</select>
	
	<!-- 添加用户权限 -->
	<insert id="insertPower">
	INSERT INTO cp_qxgl(adminid,name,cwgl) VALUES (#{id},#{name},'')
	</insert>
	
	<!-- 系统红包管理 -->
	 <select id="inquireAll" resultType="Admin">
		select time,redenvelopes,leavingamessage,typeofredenvelopes,numberofredpackets from cp_admin
	</select>
	
	
	
	<!-- 根据用户名查询用户信息    -->
	<select id="findByAdminUserInfo" resultType="AdminUser">
		SELECT * FROM cp_adminuser 
		WHERE name = #{name}
	</select>
	
	<!--  查询后台用户的权限 -->
	<select id="findUserJurisdiction" resultType="AdminUser">
		SELECT name,adminid,cwgl FROM cp_qxgl
		WHERE name = #{name}
	</select>
	
	<!-- 添加后台用户管理权限    -->
	<insert id="addUserJurisdiction">
		INSERT INTO cp_qxgl(name,adminid) 
		VALUES
		 (#{name},#{adminid})
	</insert>
	
	<!-- 修改后台用户的权限 -->
	<update id="updateUserJurisdiction">
		UPDATE cp_qxgl SET cwgl = #{cwgl} 
		WHERE name = #{name}
	</update>
	
	<!-- 查询后台登录日志 -->
	<select id="findUserLoginLog" resultType="Logonlog">
		SELECT * FROM cp_logonlog
		WHERE time LIKE CONCAT('%',#{time},'%')
	</select>
	
	
</mapper> 