<?xml version="1.0" encoding="UTF-8" ?>
<!DOCTYPE mapper PUBLIC "-//mybatis.org//DTD Mapper 3.0//EN" "mybatis-3-mapper.dtd" >
<mapper namespace="com.ja.dao.AppDownloadMapper">
	<!-- 查询app信息 -->
	<select id="findAppImgPath" resultType="AppDownload">
		SELECT
		id,name,content,img_path_1,img_path_2,img_path_3,img_path_4,img_path_5,android_path,ios_path,android_img,ios_img,pc_img,gc_img,download_img,state,note
		FROM cp_app_download
	</select>

	<!-- 根据id查询app信息 -->
	<select id="findByIdAppDownload" resultType="AppDownload">
		SELECT
		id,name,content,img_path_1,img_path_2,img_path_3,img_path_4,img_path_5,android_path,ios_path,android_img,ios_img,pc_img,gc_img,download_img,state,note
		FROM cp_app_download
		WHERE id = #{id}
	</select>

	<!-- 添加app信息 -->
	<insert id="insertApp" useGeneratedKeys="true">
		INSERT INTO cp_app_download
		(name,content,img_path_1,img_path_2,img_path_3,img_path_4,img_path_5,android_path,ios_path,android_img,ios_img,pc_img,gc_img,download_img,note)
		VALUES
		(#{load.name},#{load.content},#{load.img_path_1},#{load.img_path_2},#{load.img_path_3},
		#{load.img_path_4},#{load.img_path_5},#{load.android_path},#{load.ios_path},#{load.android_img},#{load.ios_img},#{load.pc_img},#{load.gc_img},#{load.download_img},#{load.note}) 
	</insert>

	<!-- 修改app信息 -->
	<update id="updateApp">
		UPDATE cp_app_download SET
		name=#{load.name},note=#{load.note}
		<if test="load.content!=null and load.content !=''">
			,content=#{load.content}
		</if>
		<if test="load.img_path_1!=null and load.img_path_1 !=''">
			,img_path_1=#{load.img_path_1}
		</if>
		<if test="load.img_path_2!=null and load.img_path_2 !=''">
			,img_path_2=#{load.img_path_2}
		</if>
		<if test="load.img_path_3!=null and load.img_path_3 !=''">
			,img_path_3=#{load.img_path_3}
		</if>
		<if test="load.img_path_4!=null and load.img_path_4 !=''">
			,img_path_4=#{load.img_path_4}
		</if>
		<if test="load.img_path_5!=null and load.img_path_5 !=''">
			,img_path_5=#{load.img_path_5}
		</if>
		<if test="load.android_path!=null and load.android_path !=''">
			,android_path=#{load.android_path}
		</if>
		<if test="load.ios_path!=null and load.ios_path !=''">
			,ios_path=#{load.ios_path}
		</if>
		<if test="load.android_img!=null and load.android_img !=''">
			,android_img=#{load.android_img}
		</if>
		<if test="load.ios_img!=null and load.ios_img !=''">
			,ios_img=#{load.ios_img}
		</if>
		<if test="load.pc_img!=null and load.pc_img !=''">
			,pc_img=#{load.pc_img}
		</if>
		<if test="load.gc_img!=null and load.gc_img !=''">
			,gc_img=#{load.gc_img}
		</if>
		<if test="load.download_img!=null and load.download_img !=''">
			,download_img=#{load.download_img}
		</if>
		WHERE id = #{load.id}
	</update>
</mapper>