<?xml version="1.0" encoding="UTF-8" ?>  
<!DOCTYPE mapper PUBLIC "-//ibatis.apache.org//DTD Mapper 3.0//EN"      
 "http://ibatis.apache.org/dtd/ibatis-3-mapper.dtd">
<mapper namespace="com.ja.dao.BankMapper">

	<!-- 添加银行卡信息以及支付密码 -->
	<insert id="add">
		insert into
		cp_bank_card(name,xingming,bankNum,kaihuhang,zhihang,kaihudizhi,zhifupass,userid)
		values
		(#{bank.name},#{bank.xingming},#{bank.bankNum},#{bank.kaihuhang},#{bank.zhihang},#{bank.kaihudizhi},#{bank.zhifupass},#{bank.userid})
	</insert>

   <!-- 修改提款银行卡信息 -->
	<update id="upd">
		update cp_bank_card set
		<if test="bank.xingming != null">
			xingming=#{bank.xingming},
		</if>
		<if test="bank.bankNum != null">
			bankNum=#{bank.bankNum},
		</if>
		<if test="bank.kaihuhang != null">
			kaihuhang=#{bank.kaihuhang},
		</if>
		<if test="bank.kaihudizhi != null">
			kaihudizhi=#{bank.kaihudizhi},
		</if>
		<if test="bank.zhifupass != null">
			zhifupass=#{bank.zhifupass},
		</if>
		<if test="bank.zhihang != null">
			zhihang=#{bank.zhihang},
		</if>
		<if test="bank.userid != null">
			userid=#{bank.userid}
		</if>
		where id=#{bank.id}
	</update>
	
	<!-- 根据id查询当前用户的银行卡信息 -->
	<select id="getBankByUid" resultType="BankCard">
		SELECT * FROM cp_bank_card 
		WHERE userid = #{user_id}
	</select>
	
	<!--查询所有的用户信息 -->
	<select id="getAll" resultType="BankCard">
		select * from cp_bank_card
	</select>
	
	<!--查询所有的用户的银行卡信息 -->
	<select id="checkPass" resultType="BankCard">
		select * from cp_bank_card where zhifupass=#{zhifupass} and userid = #{userid}
	</select>

	<select id="queryUser" resultType="User">
		select * from cp_user where id = #{user.id}
	</select>
	
	<!-- 修改用户金额，就是添加赠送金额 -->
	<update id="updataUser">
		update cp_user set balance=#{user.balance} where id = #{user.id}
	</update>
	<!-- 查询银行卡 -->
	<select id="inquiryBankCard" resultType="BankCard">
		select *
		from cp_bank_card where bankNum=#{str}
	</select>
</mapper>	
