<?xml version="1.0" encoding="UTF-8"?>
 <!DOCTYPE mapper PUBLIC "-//ibatis.apache.org//DTD Mapper 3.0//EN"      
 "http://ibatis.apache.org/dtd/ibatis-3-mapper.dtd">
<mapper namespace="com.ja.dao.BjlhtglMapper">

	<!-- 修改百家乐控制-->
	<update id="updateBjlControl">
		update cp_baccaratbulletin set percentage=#{percentage} where tableNumber=#{tableNumber}
	</update>
	 <!-- *修改百家乐房间金额 就是进入房间时显示的金额 -->
	<update id="updateBjlRoomMoney">
		update cp_baccaratbulletin set maximumAmount=#{maximumAmount},minimumSum=#{minimumSum} where
		tableNumber=#{tableNumber}
	</update>
	<!-- 修改百家乐开奖赔率 -->
	<update id="upDateOdds">
		update cp_lotter set
		rebate1=#{rebate1},rebate2=#{rebate2},rebate3=#{rebate3},rebate4=#{rebate4},rebate5=#{rebate5}
		,rebate6=#{rebate6},rebate7=#{rebate7},rebate8=#{rebate8},rebate9=#{rebate9}
		where cname=#{name}
	</update>

	<!--
	 * 查询百家乐用户下注记录
	 * @param paging  页数
	 * @param name  会员账号 根据会员账号查询
	 * @param date1 根据开始日期 
	 * @param date2 根据结束日期   查询
	 * @param period 根据期号查询
	 * @param state  开奖状态  0-未开奖  1-已开奖
	 * @param status 根据中将状态查询 主要前台查询
	 * @param id  根据id查询
	 * @return 返回list集合里面包含Bjl对象  查询到则有数据 没有查询到则返回一个空集合
	 -->
	<select id="xiazjl" resultType="Bjl">
	  SELECT * FROM cp_bjl 
	<where>
		<if test="date1 != null and date1 !='' and date2 != null and date2 != ''">
			bettingtime BETWEEN #{date1} AND DATE_ADD(#{date2},INTERVAL 1 DAY)
		</if> 
		<if test="name != null and name != ''">
			AND name=#{name}
		</if>
		<if test="period != null and period != ''">
			AND issueNumber=#{period}
		</if>
		<if test="status != null">
			AND status=#{status}
		</if>
		<if test="id != null">
			AND id = #{id}
		</if>
		<if test="state != null">
			AND state=#{state}
		</if>
	</where>
		ORDER BY id DESC
		LIMIT #{paging.startIndex},#{paging.lineCount}
	</select>
	
	<!--	统计数据条数
		 * 查询百家乐用户下注记录   根据传入的参数条件进行查询
		 * @param user  用户名  后台用
		 * @param time1 开始时间 后台用
		 * @param time2 结束时间 后台用
		 * @param period 根据期号查询 后台用
		 * @param state 根据开奖未开奖查询 后台用
		 * @param status 根据开奖状态查询  前台用
		 * @return  查询到则返回数据库里面数据的条数 没有查询到则返回0
		-->
	<select id="xiazjlCounts" resultType="java.lang.Integer">
		  SELECT IFNULL(COUNT(id),0) FROM cp_bjl 
	<where>
		<if test="date1 != null and date1 !='' and date2 != null and date2 != ''">
			bettingtime BETWEEN #{date1} AND DATE_ADD(#{date2},INTERVAL 1 DAY)
		</if> 
		<if test="name != null and name != ''">
			AND name=#{name}
		</if>
		<if test="period != null and period != ''">
			AND issueNumber=#{period}
		</if>
		<if test="status != null">
			AND status=#{status}
		</if>
		<if test="state != null">
			AND state=#{state}
		</if>
	</where>
	</select>
	<!-- 查询百家乐开奖数据 -->
	<select id="lotteryRecords" resultType="Bjldata">
	  SELECT * FROM cp_bjldata
	<where>
		<if test="date1 != null and date1 !='' and date2 != null and date2 != ''">
			time BETWEEN #{date1} AND DATE_ADD(#{date2},INTERVAL 1 DAY)
		</if> 
		<if test="period != null and period != ''">
			AND issueNumber=#{period}
		</if>
		<if test="tableNumber != null">
			AND tableNumber = #{tableNumber}
		</if>
		 	AND state=1 or state = 2
	</where>
		ORDER BY id DESC
		LIMIT #{paging.startIndex},#{paging.lineCount}
	</select>
	
	
	<insert id="xfjl">
		insert into cp_liushui
		(huiyuanzh,bdtype,bdqjine,bdjine,bdhjine,createtime,ordernum,czname,beizhu,state,userid)
		values
		(#{huiyuanzh},#{bdtype},#{bdqjine},#{bdjine},#{bdhjine},#{createtime},#{ordernum},#{czname},#{beizhu},#{state},#{userid})
	</insert>
	<insert id="bjlmapper">
		insert into
		cp_bjl(zhuang,xian,zhuangdui,xiandui,he,userid,zh,issueNumber,bettingtime)
		values
		(#{zhuang},#{xian},#{zhuangdui},#{xiandui},#{he},#{userid},#{zh},#{issueNumber},#{bettingtime})
	</insert>
	<insert id="bjlsj">
		insert into
		cp_bjlsjb(zhuang,xian,yingjia,duizhi,time,zh,issueNumber) values
		(#{zhuang},#{xian},#{yingjia},#{duizhi},#{time},#{zh},#{issueNumber})
	</insert>
	<select id="max1" resultType="int">
		select issueNumber from cp_bjlsjb Order
		by ID DESC LIMIT 1
	</select>
	<select id="bjlcx" resultType="com.ja.domain.Bjl">
		select * from cp_bjl where
		issueNumber=#{issueNumber} and zh=#{zh}
	</select>
	<select id="Money" resultType="java.lang.Double">
		select balance from cp_user where
		id=#{id}
	</select>

	<select id="bjlpl" resultType="com.ja.domain.Lotter">
		select
		rebate1,rebate2,rebate3,rebate4,rebate5 from cp_lotter where
		name=#{name} and cname=#{cname}
	</select>
	<update id="Moneyxg">
		update cp_user set balance =#{money} where id=#{id}
	</update>

	<select id="kjcx" resultType="com.ja.domain.Bjl">
		select * from cp_bjlsjb where
		issueNumber=#{period} and zh=#{zh}

	</select>
	<insert id="records">
		insert into
		cp_records(lotteryrecord,userid,amountofnote,winningamount,bettingtime,zh,issueNumber,cname)
		values
		(#{lotteryrecord},#{userid},#{amountofnote},#{winningamount},#{bettingtime},#{zh},#{issueNumber},#{cname})
	</insert>
	<select id="hRecords" resultType="com.ja.domain.Records">
		select * from cp_records where
		userid=#{userid}
	</select>
	<!-- 根据桌号查询当前桌的基本设置  -->
 	<select id="basicSettingsOfBaccarat" resultType="BaccaratBulletin">
		select * from cp_baccaratbulletin where tableNumber = #{tableNumber}
	</select> 

	<select id="pailu" resultType="Lotter">
		select * from cp_lotter where
		cname = 'bjl'
	</select>

	<delete id="deletexzjl">
		delete from cp_bjl where id=#{id}
	</delete>
	<!-- 修改百家乐8遇到9返点百分之几 -->
	<update id="fandian">
		UPDATE cp_baccaratbulletin SET percent=#{percent} where tableNumber=1 or tableNumber=2 or tableNumber=3 or tableNumber=4 or tableNumber=5 or tableNumber=6
	</update>
	<!-- 统计百家乐开奖数据 -->
	<select id="lotteryRecord" resultType="java.lang.Integer">
		 SELECT IFNULL(COUNT(id),0) FROM cp_bjldata 
		<where>
			<if test="date1 != null and date1 !='' and date2 != null and date2 != ''">
				time BETWEEN #{date1} AND DATE_ADD(#{date2},INTERVAL 1 DAY)
			</if> 
			<if test="period != null and period != ''">
				AND issueNumber=#{period}
			</if>
			<if test="tableNumber != null">
				AND tableNumber = #{tableNumber}
			</if>
				AND state=1 or state = 2
		</where>
	</select>
	<!-- 百家乐预设接口 -->
	<update id="baccaratPresupposition">
		update  cp_bjldata set zhuang1=#{b.zhuang1},zhuang2=#{b.zhuang2},dealerCard=#{b.dealerCard}, 
	 	frontPointsOfZhuangshi=#{b.frontPointsOfZhuangshi},makerSFinalPoints=#{b.makerSFinalPoints},
	 	leisure1=#{b.leisure1},leisure2=#{b.leisure2},leisureCard=#{b.leisureCard},frontPointsofIdleReplacementCards=#{b.frontPointsofIdleReplacementCards},leisureHomePoints=#{b.leisureHomePoints},
		winner=#{b.winner},idleTime=#{b.idleTime},zhuangPairs=#{b.zhuangPairs},state=2,arbitraryPairs=#{b.arbitraryPairs},perfectPair=#{b.perfectPair},size=#{b.size}
	 	where issueNumber = #{b.issueNumber} and tableNumber = #{b.tableNumber}
	</update>
	<!-- 查询退款的下注记录 -->
	<select id="QueryAnnotationRecord" resultType="Bjl">
		select * from cp_bjl where tableNumber = #{tableNumber} and issueNumber = #{issueNumber}
	</select>
	<!-- 修改下注信息的开奖状态 根据下注表里面的id -->
	<update id="upDataBetState">
		update  cp_bjl set status=#{status}  where id = #{id}
	</update>
</mapper> 