<?xml version="1.0" encoding="UTF-8"?>
 <!DOCTYPE mapper PUBLIC "-//ibatis.apache.org//DTD Mapper 3.0//EN"      
 "http://ibatis.apache.org/dtd/ibatis-3-mapper.dtd">
 <mapper namespace="com.ja.dao.BjlMapper">
	 <select id="history" resultType="com.ja.domain.Bjldata">
	 	select * from cp_bjldata  where tableNumber=#{tableNumber}  AND state = 1 ORDER BY id DESC LIMIT 60
	 </select>
 	 <!-- 查询百家乐相关控制和设置 -->
 	 <select id="tableNumber" resultType="com.ja.domain.BaccaratBulletin">
	 	select * from cp_baccaratBulletin
	 </select> 
	<!-- 根据id查询用户余额 -->
	 <select id="Money" resultType="java.lang.Double">
	 	select balance from cp_user where id=#{id}
	 </select>
	 <!-- 查询百家乐赔率 -->
	 <select id="bjlpl" resultType="com.ja.domain.Lotter">
	 	select rebate1,rebate2,rebate3,rebate4,rebate5,rebate6,rebate7,rebate8,rebate9 from cp_lotter where name=#{name} and cname=#{cname}
	 </select>
	 <!-- 修改用户金额 -->
	 <update id="Moneyxg">
	 	update cp_user set balance =#{money} where id=#{id}
	 </update>
	<!-- 修改用户金额 -->
	<update id="Moneyjq">
		update cp_user set balance=#{money} where id=#{id}
	</update>
	<select id="hRecords" resultType="com.ja.domain.Records">
		select * from cp_records where userid=#{userid}
	</select>
	<!-- 查询百家乐控制 -->
	<select id="bfb" resultType="com.ja.domain.BaccaratBulletin">
		select * from cp_baccaratBulletin where tableNumber = #{tableNumber}
	</select>
	<!-- 删除试玩账号订单 -->
	<delete id="deletebjl">
		delete from cp_bjl where userid=#{userid}
	</delete>
		<!-- 批量插入开奖数据 -->
	<insert id="insertBjlData" parameterType="java.util.List"
		useGeneratedKeys="true">
		INSERT INTO cp_bjldata
		(tableNumber,issueNumber,nextIssueNumber,nextTime,state,openingTimeOfTheCurrentAward)
		VALUES
		<foreach collection="list" item="insertData"
			separator=",">
			(#{insertData.tableNumber},#{insertData.issueNumber},#{insertData.nextIssueNumber},#{insertData.nextTime},#{insertData.state},#{insertData.openingTimeOfTheCurrentAward})
		</foreach>
	</insert>
	<!-- 获取数据库里面最新开奖的一期数据 -->
	<select id="NewestData" resultType="com.ja.domain.Bjldata">
		select * from cp_bjldata where openingTimeOfTheCurrentAward<![CDATA[ <= ]]>#{nowTime} and nextTime<![CDATA[ > ]]>#{nowTime}  and tableNumber=#{tableNumber};
	</select>
	<!-- 插入用户下注信息 -->
	 <insert id="insertBets">
	 	insert into cp_bjl (zhuang,xian,zhuangdui,xiandui,he,large,small,arbitraryPairsx,perfectPairx, 
	 	amountOfMoney,cashDownAmount,cashPairDownAmount,zhuangdusBetOnTheAmount,andTheAmountOfTheBet,largeBetAmount,smallBetAmount,perfectPairAmount,arbitraryPairAmount,totalBet,
	 	issueNumber,tableNumber,bettingtime,userid,name,userstate,status,state) values 
	 	(#{b.zhuang},#{b.xian},#{b.zhuangdui},#{b.xiandui},#{b.he},#{b.large},#{b.small},#{b.arbitraryPairsx},#{b.perfectPairx},
	 	#{b.amountOfMoney},#{b.cashDownAmount},#{b.cashPairDownAmount},#{b.zhuangdusBetOnTheAmount},#{b.andTheAmountOfTheBet},#{b.largeBetAmount},#{b.smallBetAmount},#{b.perfectPairAmount},#{b.arbitraryPairAmount},#{b.totalBet},
	 	#{b.issueNumber},#{b.tableNumber},#{b.bettingtime},#{b.userid},#{b.name},#{b.userstate},#{b.status},#{b.state})
	 </insert>
	 <!-- 查询下期开奖数据 -->
	 <select id="queryBjlData" resultType="com.ja.domain.Bjldata">
		select tableNumber,issueNumber,nextIssueNumber,openingTimeOfTheCurrentAward from cp_bjldata where issueNumber = #{issueNumber} and tableNumber = #{tableNumber}
	</select>
	 <!-- 查询当期开奖数据 -->
	 <select id="queryBjlDatas" resultType="com.ja.domain.Bjldata">
		select * from cp_bjldata where issueNumber = #{issueNumber} and tableNumber = #{tableNumber}
	</select>
	<!-- 查询用户下注信息 -->
	 <select id="queryBetInformation" resultType="com.ja.domain.Bjl">
		select * from cp_bjl where issueNumber = #{issueNumber} and tableNumber = #{tableNumber}
	</select>
	<!-- 更新开奖状态更新开奖数据 -->
 	 <update id="updataBjlData">
	 	update  cp_bjldata set zhuang1=#{b.zhuang1},zhuang2=#{b.zhuang2},dealerCard=#{b.dealerCard}, 
	 	frontPointsOfZhuangshi=#{b.frontPointsOfZhuangshi},makerSFinalPoints=#{b.makerSFinalPoints},
	 	leisure1=#{b.leisure1},leisure2=#{b.leisure2},leisureCard=#{b.leisureCard},frontPointsofIdleReplacementCards=#{b.frontPointsofIdleReplacementCards},leisureHomePoints=#{b.leisureHomePoints},
		winner=#{b.winner},idleTime=#{b.idleTime},zhuangPairs=#{b.zhuangPairs},state=#{b.state},arbitraryPairs=#{b.arbitraryPairs},perfectPair=#{b.perfectPair},size=#{b.size},
		time=#{b.time}
	 	where issueNumber = #{b.issueNumber} and tableNumber = #{b.tableNumber}
	 </update> 
	 <!-- 更新开奖状态  后台已经设置 无需在更新一次开奖数据 -->
 	 <update id="updataBjlDatas">
	 	update  cp_bjldata set
		state=#{b.state}
		time=#{b.time}
	 	where issueNumber = #{b.issueNumber} and tableNumber = #{b.tableNumber}
	 </update> 
	 <!-- 查询百家乐开奖数据 -->
	 <select id="takeAwayTheAwardData" resultType="com.ja.domain.Bjldata">
		select * from cp_bjldata where tableNumber=#{b.tableNumber} AND issueNumber = #{b.issueNumber}
	</select>
	<!-- 更新控制数据 -->
 	 <update id="updateControl">
	 	update  cp_baccaratBulletin set control=#{control}
	 	where  tableNumber = #{tableNumber}
	 </update> 
	 <!-- 修改开奖次数 -->
 	 <update id="lotteryTimes">
	 	update  cp_baccaratBulletin set lotteryTimes=#{lotteryTimes}
	 	where  tableNumber = #{tableNumber}
	 </update> 
	 
	  <!-- 用户下注信息更新     已开奖修改成开奖状态-->
 	 <update id="modifyUserNoteInformation">
	 	update  cp_bjl set zhuang1=#{b.zhuang1},zhuang2=#{b.zhuang2},dealerCard=#{b.dealerCard},frontPointsOfZhuangshi=#{b.frontPointsOfZhuangshi},
	 	makerSFinalPoints=#{b.makerSFinalPoints},leisure1=#{b.leisure1},leisure2=#{b.leisure2},leisureCard=#{b.leisureCard},frontPointsofIdleReplacementCards=#{b.frontPointsofIdleReplacementCards},
	 	leisureHomePoints=#{b.leisureHomePoints},
	 	leisureHomePoints=#{b.leisureHomePoints},
	 	winningAmount=#{b.winningAmount},
	 	arbitraryPairs=#{b.arbitraryPairs},perfectPair=#{b.perfectPair},winner=#{b.winner},idleTime=#{b.idleTime},zhuangPairs=#{b.zhuangPairs},size=#{b.size},
	 	status=#{b.status},
	 	state=#{b.state}
	 	where  id = #{b.id}
	 </update> 
	 <!-- 用户下注以及中奖的金额信息-->
	  <select id="findUserMoneyInfo" resultType="com.ja.domain.Bjl">
			SELECT 
			*
		FROM cp_bjl
		WHERE 
		issueNumber=#{issueNumber}
		AND 
		tableNumber=#{tableNumber}
		AND
		userid=#{userid}
	</select>
	 <!--添加用户账户流水 -->
	 <insert id="addWater">
	 	insert into cp_liushui (huiyuanzh,bdtype,bdqjine,bdjine,bdhjine,createtime,ordernum,period,cname,czname,beizhu,state,userid) 
	 	values
	 	(#{liushui.huiyuanzh},#{liushui.bdtype},#{liushui.bdqjine},#{liushui.bdjine},#{liushui.bdhjine},#{liushui.createtime},#{liushui.ordernum},
	 	#{liushui.period},#{liushui.cname},#{liushui.czname},#{liushui.beizhu},#{liushui.state},#{liushui.userid})
	 </insert>
	 <!-- 添加用户打码记录表 -->
	 <insert id="addCode">
	 	insert into cp_dama (huiyuanzh,bdtype,bdcount,createtime,czname,userid) 
	 	values
	 	(#{dama.huiyuanzh},#{dama.bdtype},#{dama.bdcount},#{dama.createtime},
	 	#{dama.czname},#{dama.userid})
	 </insert>
	  <!-- 用户下注以及中奖的金额信息-->
	 <select id="queryCode" resultType="com.ja.domain.Damal">
			SELECT 
			*
		FROM cp_damal
		WHERE userid=#{userid}
	 </select>
	 <!-- 修改用户打码量   下注前调用 修改damaliang字段-->
 	 <update id="modifyUserCodings">
	 	update  cp_damal set damaliang=#{damal.damaliang},createtime=#{damal.createtime}
	 	where  userid = #{damal.userid}
	 </update> 
	 <!-- 修改用户打码量   派奖后调用   修改new_damaliang字段-->
 	 <update id="modifyUserCoding">
	 	update  cp_damal set new_damaliang=#{damal.new_damaliang},createtime=#{damal.createtime}
	 	where  userid = #{damal.userid}
	 </update> 
	 <!-- 新建用户打码量 -->
	  <insert id="newCode">
	 	insert into cp_damal (huiyuanzh,damaliang,createtime,state,userid) 
	 	values
	 	(#{damal.huiyuanzh},#{damal.damaliang},#{damal.createtime},#{damal.state},
	 	#{damal.userid})
	 </insert>
	 
	 <select id="QueryTheLatestPrizeOpeningData" resultType="Bjldata">
	 	SELECT * FROM cp_bjldata WHERE tableNumber = #{tableNumber} AND state = 1 	ORDER BY id DESC LIMIT 1
	 </select>
	 <!-- 查询百家乐开奖数据 默认查询前面的50条 -->
	 <select id="bjlkaijiangjilu" resultType="Bjldata">
	 	SELECT zhuang1,zhuang2,dealerCard,leisure1,leisure2,leisureCard,issueNumber,tableNumber,openingTimeOfTheCurrentAward FROM cp_bjldata WHERE tableNumber=#{tableNumber} AND state = 1 ORDER  BY id DESC LIMIT 50
	 </select>
	<!-- 查询百家乐开奖数据 根据卓号日期查询 -->
	 <select id="findTrendBjl" resultType="Bjldata">
		 SELECT id,zhuang1,zhuang2,dealerCard,leisure1,leisure2,leisureCard,issueNumber,tableNumber,openingTimeOfTheCurrentAward FROM cp_bjldata 
		 WHERE
		 	tableNumber = #{tableNumber}
	 	AND 
	 		state = 1
		<choose>
               <when test="issueNumber != null and issueNumber != ''">
                AND  issueNumber = #{issueNumber}
               </when>
               <otherwise>
                AND  openingTimeOfTheCurrentAward LIKE CONCAT('%',#{time},'%') ORDER BY id DESC
               </otherwise>
        </choose>
	 </select>
	 
	 <select id="bettingRecord" resultType="Bjl">
	 	select * from cp_bjl where name=#{name} and id=#{id}
	 </select>
 </mapper> 