<?xml version="1.0" encoding="UTF-8"?>
 <!DOCTYPE mapper PUBLIC "-//ibatis.apache.org//DTD Mapper 3.0//EN"      
 "http://ibatis.apache.org/dtd/ibatis-3-mapper.dtd">
<mapper namespace="com.ja.dao.BjlMoneyMapper">

   <!-- 添加用户的下注金额以及开奖金额信息 -->
   <insert id="addOrderInfo">
     INSERT INTO cp_bjl_money(period,table_num,acount,lotter_money,user_id)
     VALUES(#{m.period},#{m.table_num},#{m.acount},#{m.lotter_money},#{m.user_id}) 
   </insert>
   
	<!--查询用户的下注金额以及开奖金额信息-->
	<select id="findUserOrderInfo" resultType="BjlMoney">
		SELECT 
			acount,lotter_money 
		FROM cp_bjl_money
		WHERE 
		period=#{m.period}
		AND 
		table_num=#{m.table_num}
		AND
		user_id=#{m.user_id}
		ORDER BY id DESC LIMIT 1
	</select>
	<!-- 查询数据库里面有没有百家乐 -->
	<select id="selectbjl" resultType="com.ja.domain.Data">
		select * from cp_data where cName=#{bjl}
	</select>
	
	<insert id="insertbjl">
		insert into cp_data(cName,gameNameInChinese,lotterTime,nextStopOrderTimeEpoch,period,nextperiod,lotterNumber,paijtime,touzhuzt,state,type,status,openTime) values
		(#{d.cname},#{d.gameNameInChinese},#{d.lottertime},#{d.nextStopOrderTimeEpoch},#{d.period},#{d.nextperiod},#{d.lotternumber},#{d.paijtime},#{d.touzhuzt},#{d.state},#{d.type},#{d.status},#{d.openTime})
	</insert>
</mapper> 