<?xml version="1.0" encoding="UTF-8"?>
 <!DOCTYPE mapper PUBLIC "-//ibatis.apache.org//DTD Mapper 3.0//EN"      
 "http://ibatis.apache.org/dtd/ibatis-3-mapper.dtd">
<mapper namespace="com.ja.dao.DamalMapper">
	<sql id="temp">
		<where>
			<if test="d.huiyuanzh!=null and d.huiyuanzh!=''">
				and huiyuanzh like concat('%',#{d.huiyuanzh},'%')
			</if>
		</where>
	</sql>

	<!-- 查询所有用户打码量及提款所需 -->
	<select id="getAlldamal" resultType="Damal">
		select * from cp_damal order by id desc
	</select>
	
   <!-- 根据条件查询用户的打码信息  -->
   <select id="mhOneDama" resultType="Damal">
     select * from cp_damal
     <include refid="temp"/>
     order by id desc
   </select>
	
   <!-- 根据id查询当前用户的打码信息  -->
   <select id="getOnedamal" resultType="Damal">
     select * from cp_damal where userid = #{id}
   </select>
	
   <!-- 添加某个用户的打码信息  -->
   <insert id="addamal">
    <selectKey keyProperty="id" order="AFTER" resultType="java.lang.Integer">
	  SELECT LAST_INSERT_ID()
	</selectKey>
     INSERT INTO cp_damal(huiyuanzh,createtime,tikuansx,state,userid)
     values
     ( #{huiyuanzh}, #{createtime},  #{tikuansx}, 1, #{userid})
   </insert>
	
	<!-- 修改当前会员的打码量  -->
	<update id="updateDamal">
	 UPDATE cp_damal SET
	 <if test="dama.damaliang != null">
	  damaliang=#{dama.damaliang},
	 </if>
	 <if test="dama.new_damaliang != null">
	  new_damaliang=#{dama.new_damaliang},
	 </if>
	 <if test="dama.state != null ">
	  state=#{dama.state},
	 </if>
 	  createtime=#{dama.createtime}
	  WHERE userid = #{dama.userid}
	</update>
	
</mapper> 