<?xml version="1.0" encoding="UTF-8"?>
 <!DOCTYPE mapper PUBLIC "-//ibatis.apache.org//DTD Mapper 3.0//EN"      
 "http://ibatis.apache.org/dtd/ibatis-3-mapper.dtd">
<mapper namespace="com.ja.dao.DamaMapper">
	<sql id="temp">
		<where>
			<if test="d.bdtype!=null and d.bdtype!=''">
				and bdtype = #{d.bdtype}
			</if>
			<if test="d.huiyuanzh!=null and d.huiyuanzh!=''">
				and huiyuanzh = #{d.huiyuanzh}
			</if>
			<if test="date1!=null and date1!='' and date2!=null and date2!=''">
				and createtime Between #{date1} and
				DATE_ADD(#{date2},INTERVAL 1 DAY)
			</if>
		</where>
	</sql>

	<!-- 查询所有充值记录 -->
	<select id="getAllDama" resultType="Dama">
		select * from cp_dama 
		order by id desc
		<if test="model==1">
		LIMIT #{startIndex},#{lineCount}
		</if>
	</select>

	<!-- 模糊查询充值记录 -->
	<select id="getMhdama" resultType="Dama">
		select * from cp_dama
		<include refid="temp" />
		order by id desc
		<if test="model==1">
		LIMIT #{startIndex},#{lineCount}
		</if>
	</select>

	<!-- 增加当前会员的打码记录 -->
	<insert id="addDama" parameterType="Dama">
		<selectKey keyProperty="id" order="AFTER" resultType="java.lang.Integer">
			SELECT
			LAST_INSERT_ID()
		</selectKey>
		insert into
		cp_dama(huiyuanzh,bdtype,bdqcount,bdcount,bdhcount,createtime,bdqtksx,bdtksx,bdhtksx,czname,beizhu,userid)
		values
		(#{d.huiyuanzh},#{d.bdtype},#{d.bdqcount},#{d.bdcount},#{d.bdhcount},#{d.createtime},#{d.bdqtksx},#{d.bdtksx},#{d.bdhtksx},#{d.czname},#{d.beizhu},#{d.userid})
	</insert>


	<!-- 根据id查询用户今日的投注成功情况 -->
	<select id="getDmTodyJl1" resultType="java.lang.Double">
		SELECT IFNULL(SUM(bdcount), 0) FROM cp_dama
		WHERE
			bdtype = '彩票投注'
		AND 
			userid = #{id}
		<if test="time!=null and time != ''">
		AND createtime LIKE CONCAT('%',#{time},'%')
		</if>
	</select>

	<!-- 根据id查询用户今日的投注失败情况 -->
	<select id="getDmTodyJl2" resultType="java.lang.Double">
		SELECT IFNULL(SUM(bdcount), 0) FROM cp_dama
		WHERE
			bdtype IN('彩票撤单','官方开奖异常')
		AND 
			userid = #{id}
		<if test="time!=null and time != ''">
		AND createtime LIKE CONCAT('%',#{time},'%')
		</if>
	</select>

	<!-- 根据id查询用户本月的彩票投注成功情况 -->
	<select id="getDmMonthJl1" resultType="java.lang.Double">
		SELECT IFNULL(SUM(bdcount), 0) AS 'count' FROM cp_dama
		WHERE 
			bdtype ='彩票投注'
		AND 
			DATE_FORMAT(createtime, '%Y-%m') = DATE_FORMAT(CURDATE(), '%Y-%m')
		AND 
			userid = #{id}
	</select>

	<!-- 根据id查询用本月的彩票投注失败情况 -->
	<select id="getDmMonthJl2" resultType="java.lang.Double">
		SELECT IFNULL(SUM(bdcount), 0) AS 'count' FROM cp_dama
		WHERE
			bdtype IN('彩票撤单','官方开奖异常')
		AND 
			DATE_FORMAT(createtime, '%Y-%m') =DATE_FORMAT(CURDATE(), '%Y-%m')
		AND 
			userid = #{id}
	</select>

	<!-- 根据id查询用户上月的彩票投注成功情况 -->
	<select id="getDmLastMonthJl1" resultType="java.lang.Double">
		SELECT IFNULL(SUM(bdcount), 0) AS 'count' FROM cp_dama
		WHERE
			bdtype = '彩票投注'
		AND
			PERIOD_DIFF( date_format( #{time} , '%Y%m' ) , date_format( createtime, '%Y%m' ) ) =1
		AND 
			userid = #{id}
	</select>

	<!-- 根据id查询用上月的彩票投注失败情况 -->
	<select id="getDmLastMonthJl2" resultType="java.lang.Double">
		SELECT IFNULL(SUM(bdcount), 0) AS 'count' FROM cp_dama
		WHERE
			bdtype IN('彩票撤单','官方开奖异常')
		AND 
			PERIOD_DIFF( date_format( #{time} , '%Y%m' ) , date_format( createtime, '%Y%m' ) ) =1
		AND 
			userid = #{id}
	</select>
	
	<!-- 根据id查询打码量 -->
	<select id="getOneDamaJl" resultType="Dama">
		SELECT 
		*
		FROM
		cp_dama
		WHERE
		createtime LIKE CONCAT('%',#{time},'%')		
		AND userid = #{id}
	</select>
	
	<!-- 根据时间查询用户的打码量 -->
	<select id="findUserByTimeCodeCount" resultType="java.lang.Double">
	<if test="type==1">
	SELECT IFNULL(SUM(bdjine),0) FROM cp_liushui
	WHERE
		userid = #{user_id} 
	AND
		bdtype IN('彩票投注','系统彩投注','打码增加')	
	AND
		createtime LIKE CONCAT('%',#{time},'%')
	</if>
	<if test="type==2">
	SELECT IFNULL(SUM(bdjine),0) FROM cp_liushui
	WHERE
		userid = #{user_id} 
	AND
		bdtype IN('彩票撤单','系统彩撤单','彩票开奖异常','系统彩开奖异常','打码扣除')	
	AND
		createtime LIKE CONCAT('%',#{time},'%')
	</if>
	</select>
	
	<!-- 根据时间查询用户人工增加或扣除的打码量 -->
	<select id="findUserCodeCountManualChange" resultType="TodayRecord">
	SELECT t1.amount AS 'dmzengjia',t2.amount AS 'dmkouchu' FROM
	(SELECT IFNULL(SUM(bdjine),0) AS 'amount' FROM cp_liushui
	WHERE userid = #{user_id} AND bdtype IN('打码增加')  AND createtime LIKE CONCAT('%',#{time},'%')) AS t1,
	(SELECT IFNULL(SUM(bdjine),0) AS 'amount' FROM cp_liushui 
	WHERE userid = #{user_id} AND bdtype IN('打码扣除')  AND createtime LIKE CONCAT('%',#{time},'%')) AS t2
	</select>

</mapper> 