<?xml version="1.0" encoding="UTF-8"?>
<!DOCTYPE mapper PUBLIC "-//ibatis.apache.org//DTD Mapper 3.0//EN"      
 "http://ibatis.apache.org/dtd/ibatis-3-mapper.dtd">
<mapper namespace="com.ja.dao.DataMapper">
	<select id="getLatestData" resultType="Data">
		SELECT * from (select * from cp_data ORDER BY id DESC) d GROUP BY d.cName;
	</select>
	<!-- 根据ID查询数据 -->
	<select id="findById" resultType="Data">
		select * from cp_data where id=#{id};
	</select>
	<!-- 根据彩种名称和期数查询相应数据 -->
	<select id="findDataByNameAndPeriod" resultType="Data">
		select * from cp_data where cName=#{cname} and period=#{period};
	</select>
	<!-- 查询当前未开奖的最新一期数据集合 -->
	<select id="findCurrDatas" resultType="Data">
		select * from cp_data where openTime<![CDATA[ <= ]]>#{nowTime} and nextStopOrderTimeEpoch<![CDATA[ > ]]>#{nowTime} and type=0;
	</select>
	<!-- 根据彩种名称查出已经开奖的最新一期数据 -->
	<select id="getLatestOpenData" resultType="Data">
		select * from cp_data where cName=#{cname} and lotterNumber is not null ORDER BY id DESC limit 1;
	</select>
	<!-- 查询期数中包含日期信息的彩种的当天最新期数 -->
	<select id="getTodayLatestPeriodOfNormalCp" resultType="java.lang.String">
		SELECT period from cp_data where cName=#{cName} and period like #{period} order by period desc limit 1;
	</select>
	<!-- 查询期数中不包含日期信息的彩种的当天最新期数 -->
	<select id="getTodayLatestPeriodOfSpecialCp" resultType="java.lang.String">
		SELECT period from cp_data where cName=#{cName} and period between #{startPeriod} and #{endPeriod} order by period desc limit 1;
	</select>
	<!-- 更新开奖号码为空串 -->
	<update id="updateLotterNumberToEmptyStr">
		update	cp_data set	lotterNumber='' where id=#{id};
	</update>

	<select id="getDatasbyCname" resultType="Data">
		SELECT
		period,lotterNumber from cp_data where cName=#{cName} ORDER BY id
		DESC;
	</select>
	<!-- 批量更新 -->
	<update id="updateByBatch" parameterType="java.util.List">
		<foreach collection="updateDatas" item="updateData">
			update
			cp_data set
			lotterTime=#{updateData.lottertime},
			lotterNumber=#{updateData.lotternumber}
			where id=#{updateData.id};
		</foreach>
	</update>

	<select id="getNewDataByCname" resultType="Data">
		select * from cp_data
		where cName=#{key} order by id desc limit 1
	</select>
	<select id="getLotteryDate" resultType="Data">
		select * from cp_data
		where period=#{period}
		AND cName=#{cname}
	</select>

	<select id="getAllData" resultType="Data">
		SELECT
		*
		FROM
		cp_data
		WHERE
		cName
		= #{cname}
		<if test="cname !='xg6hc' and cname != 'fc3d' and cname != 'pl3'">
			AND to_days(paijtime) = to_days(#{date})
		</if>
		<if test="cname=='xg6hc'">
			AND state = '已开奖'
		</if>
		 and lotterNumber != '官方开奖异常' and state != '数据异常' and lotterNumber != '' and lotterNumber IS NOT NULL ORDER BY id DESC
	</select>

	<select id="getMhAllData" resultType="Data">
		SELECT * FROM cp_data WHERE cname = #{d.cname} AND lotterNumber IS NOT NULL AND state='已开奖'
			<if test="d.period!=null and d.period!=''">
				and period = #{d.period}
			</if>
			<if test="date1!='' and  date2!=''" >
				and lotterTime Between #{date1} and date_add(#{date2},interval 1 day)
			</if>
		ORDER BY id DESC
		<if test="model==1">
		LIMIT #{startIndex},#{lineCount}
		</if>
	</select>

	<!-- 查询所有的开奖记录 -->
	<select id="getSouyou" resultType="Data">
		select * from cp_data order by
		id desc
	</select>

	<!-- 查询某个彩种的今天开奖记录 -->
	<select id="findTodycz" resultType="Data">
		select * from cp_data where
		cName = #{cname} order by id desc
	</select>

	<!-- 查询北京pk10的开奖记录 -->
	<select id="findBjpk10" resultType="Data">
		SELECT * FROM cp_data WHERE
		cName = 'bjpk10'
	</select>

	<!--六合彩预设记录 -->
	<select id="getAllLiuhePreset" resultType="Data">
		SELECT * FROM cp_data
		WHERE cName = 'xg6hc' order by id desc limit 100
	</select>

	<!--修改系统彩的开奖状态-->
	<update id="addLiuheCheck">
		UPDATE cp_data SET
		status = #{d.status}
		WHERE cName = #{d.cname} AND period = #{d.period}
	</update>
	
	<!--添加六合彩开奖期号 -->
	<insert id="addLiuheChecks">
		INSERT INTO cp_data(cName,gameNameInChinese,period,openTime,nextStopOrderTimeEpoch,xg6hcstate,nextPeriod,status)
		VALUE
		(#{d.cname},#{d.gameNameInChinese}, #{d.period}, #{d.openTime},#{d.nextStopOrderTimeEpoch}, #{d.xg6hcstate},#{d.nextperiod},0)
	</insert>

	<!-- 批量插入 -->
	<insert id="insertByBatch" parameterType="java.util.List"
		useGeneratedKeys="true">
		INSERT INTO cp_data
		(cName,gameNameInChinese,period,lotterTime,lotterNumber,nextperiod,nextStopOrderTimeEpoch,openTime)
		VALUES
		<foreach collection="insertDatas" item="insertData"
			separator=",">
			(#{insertData.cname},#{insertData.gameNameInChinese},#{insertData.period},#{insertData.lottertime},
			#{insertData.lotternumber},#{insertData.nextperiod},#{insertData.nextStopOrderTimeEpoch},#{insertData.openTime})
		</foreach>
	</insert>
	<!-- 插入一条数据 -->
	<insert id="insert" parameterType="Data">
		INSERT INTO cp_data
		(cName,gameNameInChinese,period,lotterTime,lotterNumber,nextperiod,nextStopOrderTimeEpoch,openTime)
		VALUES
			(#{data.cname},#{data.gameNameInChinese},#{data.period},#{data.lottertime},
			#{data.lotternumber},#{data.nextperiod},#{data.nextStopOrderTimeEpoch},#{data.openTime})
	</insert>
	<!-- 添加开奖号码 -->
	<update id="updateCheckNum">
		UPDATE cp_data SET
		lotterNumber=#{d.lotternumber}
		WHERE id =
		#{d.id}
	</update>

	<!-- 添加开奖时间 -->
	<update id="updateDate">
		UPDATE cp_data SET
		lotterTime=#{lottertime},period=#{period},status=#{status}
		WHERE id = #{id}
	</update>

	<!--未开奖的数据 -->
	<select id="findNull" resultType="Data">
		SELECT * FROM cp_data WHERE state = '数据异常' ORDER BY id DESC
	</select>
	
	<!--统计数据库里面开奖异常的数据有多少条-->
	<select id="getAbnormalData" resultType="java.lang.Integer">
		SELECT COUNT(id) FROM cp_data
		WHERE state = '数据异常'
	</select>

	<!--最大一期的期号 -->
	<select id="getMaxPeriod" resultType="Data">
		SELECT * FROM cp_data
		WHERE
		cname=#{cname}
		AND lotterNumber IS NOT NULL
		AND state = '已开奖'
		ORDER BY id DESC
		LIMIT 1
	</select>
	<!-- 拿最大值 -->
	<select id="xg6hc" resultType="java.lang.Integer">
		select IFNULL(MAX(xg6hcstate),0)
		from
		cp_data where cName = #{cName}
	</select>
	<!-- 查询香港六合彩最新两条数据 -->
	<select id="xg6hcchax" resultType="Data">
		select * from cp_data where cName='xg6hc' and period=#{period}
	</select>
	
	<delete id="xglhcDelete">
		delete from cp_data where cName=#{cname} and
		period=#{period}
	</delete>

	<select id="Verification" resultType="Data">
		select * from cp_data where
		cName = #{cName} and period=#{period}
	</select>

	<!-- 官方异常修改状态 -->
	<update id="updateFail">
		UPDATE cp_data SET
		lotterTime=#{d.lottertime},lotterNumber=#{d.lotternumber},paijtime=#{d.paijtime},
		touzhuzt=#{d.touzhuzt},state=#{d.state}
		WHERE
		cName=#{d.cname}
		AND
		period
		= #{d.period}
	</update>

	<!-- 查询某个彩种的开奖记录 -->
	<select id="getCheckData" resultType="Data">
		SELECT * FROM cp_data
		WHERE
		cName = #{cname}
		AND state='已开奖'
		ORDER BY id DESC
		<if test="model==1">
		LIMIT #{startIndex},#{lineCount}
		</if>
	</select>

	<!-- 查询足彩的开奖信息 -->
	<select id="getFootBall" resultType="Data">
		SELECT * FROM cp_data
		WHERE
		cName = 'zc'
		ORDER BY id DESC
		LIMIT 1
	</select>

	<!-- 添加足彩的开奖信息 -->
	<insert id="addFootBallData">
		INSERT INTO
		cp_data(cName,gameNameInChinese,lotterTime,period,lotterNumber)
		VALUES(#{d.cname},#{d.gameNameInChinese},#{d.lottertime},#{d.period},#{d.lotternumber})
	</insert>

	<!-- 下期开奖时间 -->
	<select id="findBetsTime" resultType="Data">
		SELECT id AS 'id',${name} AS 'cname' FROM
		cp_datatime
		WHERE ${name} BETWEEN #{time} AND #{time3}
	</select>

	<!-- 查询开奖信息 555 -->
	<select id="findDatas" resultType="Data">
		SELECT * FROM cp_data WHERE cname in
		<foreach collection="data" item="datas" open="(" close=")"
			separator=",">
			#{datas.cname}
		</foreach>
		AND period in
		<foreach collection="data" item="datas" open="(" close=")"
			separator=",">
			#{datas.period}
		</foreach>
	</select>

	<!-- 添加私彩期号 -->
	<insert id="addSystemLotters" parameterType="java.util.List">
		INSERT INTO cp_data (cName,period,lotterTime,type,gameNameInChinese)
		VALUES
		<foreach collection="datas" item="d" separator=",">
			(#{d.cname},#{d.period},#{d.lottertime},#{d.type},#{d.gameNameInChinese})
		</foreach>
	</insert>

	<!-- 查询开奖信息 -->
	<select id="findNewestPeriod" resultType="Data">
		SELECT * FROM cp_data
		WHERE cName = #{cname}
		AND lotterNumber IS NULL
		AND lotterTime LIKE
		CONCAT('%',#{time},'%')
		LIMIT 1
	</select>

	<!-- 添加私彩开奖号码 -->
	<update id="addSystemLotterInfo">
		UPDATE cp_data SET lotterNumber =
		#{data.lotternumber},lotterTime=#{data.lottertime},
		nextStopOrderTimeEpoch=#{data.nextStopOrderTimeEpoch},
		nextperiod=#{data.nextperiod},status=1
		WHERE id = #{data.id}
	</update>
	
	<!-- 查询开奖信息 -->
	<select id="findLotterFirstPeriod" resultType="Data">
		SELECT * FROM
		cp_data
		WHERE cName = #{cname}
		AND period = #{period}
		LIMIT 1
	</select>

	<!-- 查询最后一期  -->
	<select id="findLotterLastPeriod" resultType="Data">
		SELECT
		*
		FROM
		cp_data
		WHERE
		cName = #{name}
		AND nextStopOrderTimeEpoch LIKE CONCAT('%', #{time}, '%')
		AND lotterNumber IS NOT NULL
		ORDER BY id DESC
		LIMIT 1
	</select>

	<!-- 查询预设的旗号 -->
	<select id="findBySetCname" resultType="Data">
		SELECT
		*
		FROM
		cp_data
		WHERE
		cName = #{cname}
		AND state IS NULL
		AND lotterNumber IS NOT NULL
		AND lotterTime LIKE CONCAT('%', #{time}, '%')
		ORDER BY
		id DESC
		LIMIT 1
	</select>
	
	<!-- 更新status为1 -->
	<update id="updateStatusTo1" >
	UPDATE cp_data SET status=1 WHERE id=#{id}
	</update>
	
	<!-- 更新当前期号和之前的数据的status为1 -->
	<update id="updatePreDataStatusTo1">
		update cp_data set status=1 where cname=#{0} and id<![CDATA[ <= ]]>#{1}
	</update> 
	
	<!-- 修改开奖信息 -->
	<update id="updateCheckState" parameterType="Data">
	UPDATE cp_data SET paijtime=#{paijtime},touzhuzt=#{touzhuzt},state=#{state}
	WHERE cName=#{cname} AND period=#{period}
	</update>
	
	<!-- 添加开奖结果 -->
	<update id="updatePlayResult">
	UPDATE cp_data SET playResult=#{playResult} WHERE cName= #{cname} AND period=#{period} 
	</update>
	
	<!--  查询六合的属性 -->
	<select id="findLiuHeAttribute" resultType="Data">
	SELECT attribute AS 'cname',content AS 'period',type AS 'status' FROM cp_liuhe_attribute
	WHERE type = #{type}
	</select>
	
	<!-- 查询私彩玩法下注详情 -->
	<select id="findPlayDetails" resultType="PlayCount">
	SELECT * FROM cp_play_count WHERE cname=#{cname} AND period= #{period}
	</select>
	
	<!-- 修改开奖的状态 -->
	<update id="changeCheckState" parameterType="Data">
	UPDATE cp_data SET status = 1 
	WHERE cName =#{cname} AND period = #{period}
	</update>
	
	<!--  查询官方下期开奖 -->
	<select id="findNextPeriod" resultType="Data">
	SELECT * FROM cp_data 
	WHERE cName=#{cname} AND status = 1
	ORDER BY id DESC
	LIMIT 1
	</select>
	
	<!-- 把爬取到的数据插入到数据库 -->
	<update id="update">
		update cp_data set lotterNumber=#{lotterNumber},lotterTime=#{lotterTime} where period=#{period} and cName=#{cname}
	</update>
	<!-- 查询当期开奖信息并拿到下期期号 -->
	<select id="querynextIssueNumber" resultType="Data">
		select * from cp_Data where cName=#{cName} and nextperiod=#{nextperiod}
	</select>
	<!-- 查询下期开奖时间 -->
	<select id="selectDateTime" resultType="Product">
		select ${cname} as 'datetime',id from cp_datatime where ${cname} = #{time}
	</select>
	
	<select id="dateTime" resultType="Product">
		select ${cname} as 'datetime',id from cp_datatime where id = #{id}
	</select>
	
	<!-- 上期的时间 -->
	<select id="findLastTime" resultType="java.lang.String">
	SELECT ${cname} FROM
		cp_datatime
		WHERE id = #{id}
	</select>
	
	<!-- 查询分页的数据 -->
	<select id="getPageData" resultType="Data">
	SELECT * FROM cp_data LIMIT #{0},#{1}
	</select>
	
	<select id="getLimitDataInfo" resultType="Data">
		SELECT * FROM cp_data
		WHERE
			cName = #{cname}
		AND 
			state = '已开奖'
		AND 
			lotterNumber NOT IN ('官方开奖异常','')
		ORDER BY id DESC
			LIMIT 100
	</select>
	<!-- 查询data表数据总量 -->
	<select id="count" resultType="java.lang.Integer">
		SELECT COUNT(id) FROM cp_data 
	</select>
	<!-- 查询上周数据 -->
	<select id="lastWeek" resultType="Data">
	SELECT
	id,lotterTime
	FROM
		cp_data
	WHERE
	YEARWEEK(
		date_format(lotterTime, '%Y-%m-%d')
	) = YEARWEEK(now()) - 1;
	</select>
	<!-- 查询上月数据 -->
	<select id="lastMonth" resultType="Data">
		SELECT
	id,lotterTime
	FROM
		cp_data
	WHERE
	date_format(lotterTime, '%Y-%m') = date_format(
		DATE_SUB(curdate(), INTERVAL 1 MONTH),
		'%Y-%m'
	) 
	</select>	
	
	<!-- 批量删除Data表数据 -->
	<delete id="deletedata">
		delete from cp_data where id in
		<foreach collection="data" item="arr" index="no" open="("
			separator="," close=")">
			#{arr}
		</foreach>
	</delete>	
	
	<!-- 根据彩种名称查询开奖记录数 -->
	<select id="getCheckDataCounts" resultType="java.lang.Integer">
		SELECT IFNULL(COUNT(id),0) FROM cp_data
		WHERE cName = #{cname}
		AND state='已开奖'
	</select>
	
	<!--  -->
	<select id="getMhAllDataCounts" resultType="java.lang.Integer">
			SELECT IFNULL(COUNT(id),0) FROM cp_data 
			WHERE cname = #{d.cname} AND lotterNumber IS NOT NULL AND state='已开奖'
			<if test="d.period!=null and d.period!=''">
				and period = #{d.period}
			</if>
			<if test="date1!='' and  date2!=''" >
				and lotterTime Between #{date1} and date_add(#{date2},interval 1 day)
			</if>
	</select>
	
	<!-- 根据时间条件查询开奖信息 -->
	<select id="lotterDatas" resultType="Data">
	SELECT * FROM cp_data
		WHERE 
			cName = #{cname}
		AND 
			lotterTime LIKE CONCAT('%',#{date},'%')
		LIMIT 100
	</select>
	
	<!-- 查询下下期期号 -->
	<select id="findNextNextPeriod" resultType="Data">
	<if test="type==1">
	SELECT * FROM cp_data
	WHERE 
		cname = #{cname}
	AND 
		status = 1
	ORDER BY id DESC
	LIMIT 1
	</if>
	<if test="type==2">
	SELECT c.* FROM ( SELECT * FROM cp_data WHERE status = 1 ORDER BY id DESC ) c GROUP BY c.cname
	</if>
	</select>
	<!-- 查询香港六合彩里面最新一期的id -->
	<select id="xg6hcId" resultType="java.lang.Integer">
		select id from cp_data where cName='xg6hc' order by id desc limit 0,1
	</select>
	<!-- 根据彩种名和期号修改开奖时间和下期开奖时间  主要香港六合彩在使用-->
	<update id="updataNextDate">
		update cp_data set openTime=#{openTime},nextStopOrderTimeEpoch=#{nextStopOrderTimeEpoch},status=#{status} where cName=#{cName} and period=#{period}
	</update>
	<!--  -->
	<select id="findTrend" resultType="Data">
	SELECT * FROM cp_data 
	 WHERE
	 	cName = #{cname}
 	AND 
 		lotterNumber != '官方开奖异常' 
 	AND 
 		state != '数据异常' 
 	AND 
 		lotterNumber != ''
 	AND 
	 	lotterNumber IS NOT NULL
	  <if test="time=='20'">
	  ORDER BY id DESC
	  LIMIT 0,20
	  </if>
	  
	  <if test="time=='30'">
	  ORDER BY id DESC
	  LIMIT 0,30
	  </if>
	  
	  <if test="time=='50'">
	  ORDER BY id DESC
	  LIMIT 0,50
	  </if>
	  
	  <if test="time=='100'">
	  ORDER BY id DESC
	  LIMIT 0,100
	  </if>
	  
	  <if test="time!='20' and time!='30' and time!='50' and time!='100' ">
	 AND lotterTime LIKE CONCAT('%',#{time},'%') ORDER BY id DESC
	  </if>
	  
	</select>
	
	<!-- 修改香港六合彩status开奖状态 -->
	<update id="statusXg6hc">
		update cp_data set status=#{status} 
		where id=#{id} and cName='xg6hc'		
	</update>
	
	<!-- 根据当期期号查询当期的整条数据  -->
	<select id="pueryCurrentPeriod" resultType="Data">
		select * from cp_data  WHERE cName=#{cName} AND period=#{period}
	</select>
	<!-- 根据当前彩种名称查询  -->
	<select id="queryData" resultType="Data">
		select * from cp_data  WHERE cName=#{cName} AND status = 0 
	</select>
	<!-- 查询数据库里面的异常数据-->
	<select id="databaseExceptionData" resultType="Data">
		select * from cp_data  WHERE state = '数据异常'
	</select>
	<!-- 查询数据库里面最后的一条开奖数据-->
	<select id="theLastItem" resultType="Data">
		SELECT * FROM cp_data where cName = #{cName} ORDER BY id DESC LIMIT 1
	</select>
		<!-- 根据当前期号查询上期期号 如果查询到返回Data对象 如果没有查询到则返回null-->
	<select id="previousIssue" resultType="Data">
		SELECT * FROM cp_data where cName = #{cName} AND nextperiod = #{period}
	</select>
	<!--  根据彩种名称和期号修改开奖状态     把status状态修改成1 -->
	<update id="updataCnameStatus">
		update cp_data set status=1 where cName=#{0} and period=#{1}
	</update> 
	<!--  根据彩种名和期号修改下期开奖时间  修改字段为 nextStopOrderTimeEpoch-->
	<update id="upDataNextTime">
		update cp_data set nextStopOrderTimeEpoch=#{nextStopOrderTimeEpoch} where cName=#{cName} and period=#{period}
	</update> 
	<!-- 查询彩种中文名和英文名， -->
	<select id="wholeLot" resultType="Data">
		SELECT
	name as gameNameInChinese,cname
	FROM
		cp_lotter
	WHERE
		state = 1
	</select>
	<!-- 查询Id比他还大的数据 -->
	<select id="Id" resultType="Data">
		SELECT * FROM cp_data  WHERE cName = #{cname} AND id > #{id} ORDER BY id   LIMIT 0,1
	</select>
	<!-- 保存计划的开奖数据 -->
	<insert id="Preservation">
		INSERT INTO
		cp_plan(cName,period,lotterNumber)
		VALUES(#{d.cname},#{d.period},#{d.lotternumber})
	</insert>
	<!-- 查询后台预设的开奖数据 -->
	<select id="lotteryData" resultType="Data">
		SELECT * FROM cp_plan WHERE cName=#{cName} AND period = #{period}
	</select>
	<!--  修改系统彩预设开奖数据-->
	<update id="systemLotterUpData">
		update cp_plan set lotterNumber=#{d.lotternumber} where cName=#{d.cname} and period=#{d.period}
	</update> 
	<!-- 删除数据里面的开奖计划数据 -->
	<delete id="deleteLotterSystemData">
		DELETE FROM cp_plan WHERE cName=#{cName} AND period=#{period}
	</delete>
	<!-- 根据彩种名称查询数据库里面最新的一条数据 -->
	<select id="dataLast" resultType="Data">
		SELECT
			*
		FROM
			cp_data
		WHERE
			cName = #{cName}
		ORDER BY
			id DESC
		LIMIT 1
	</select>
</mapper> 