<?xml version="1.0" encoding="UTF-8" ?>  
<!DOCTYPE mapper PUBLIC "-//ibatis.apache.org//DTD Mapper 3.0//EN"      
 "http://ibatis.apache.org/dtd/ibatis-3-mapper.dtd">
<mapper namespace="com.ja.dao.DepositBankMapper">

	<!--添加银行卡信息 -->
	<insert id="addDepositInfo">
		INSERT INTO 
		cp_deposit_bank(bankName,bankAcount,acountName,acountBranch,createTime,operationName,state)
		values
		(#{bank.bankName},#{bank.bankAcount},#{bank.acountName},#{bank.acountBranch},#{bank.createTime},#{bank.operationName},#{bank.state})
	</insert>

	<!-- 修改银行卡信息 -->
	<update id="updateDepositInfo">
		UPDATE cp_deposit_bank
		SET
		bankName=#{bank.bankName},bankAcount=#{bank.bankAcount},acountName=#{bank.acountName},acountBranch=#{bank.acountBranch},
		createTime=#{bank.createTime},operationName=#{bank.operationName},state=#{bank.state}
		where id=#{bank.id}
	</update>

	<!--查询银行卡信息 -->
	<select id="getAllDepositBank" resultType="DepositBank">
		SELECT * FROM cp_deposit_bank
	</select>
	
	<!--查询银行卡信息 -->
	<delete id="delDepositInfo">
		DELETE FROM cp_deposit_bank WHERE id = #{id}
	</delete>

</mapper>	
