<?xml version="1.0" encoding="UTF-8"?>
 <!DOCTYPE mapper PUBLIC "-//ibatis.apache.org//DTD Mapper 3.0//EN"      
 "http://ibatis.apache.org/dtd/ibatis-3-mapper.dtd">
<mapper namespace="com.ja.dao.FanshuiJlMapper">

	<!-- 增加日返水 -->
	<insert id="add">
		insert into
		cp_fanshuijl(name,richongzhi,rifanshui,createtime,state,userid)
		values(#{f.name},#{f.richongzhi},#{f.rifanshui},#{f.createtime},#{f.state},#{f.userid})
	</insert>

	<!-- 增加月返水 -->
	<insert id="add1">
		insert into
		cp_fanshuijl(name,yuechongzhi,yuefanshui,createtime,statu,userid)
		values(#{f.name},#{f.yuechongzhi},#{f.yuefanshui},#{f.createtime},#{f.statu},#{f.userid})
	</insert>

	<!-- /**根据时间和id去查询日反水记录*/ -->
	<select id="getOneFanshui" resultType="FanshuiJl">
		select * from cp_fanshuijl
		where userid =#{id}
		AND
		state is not null
		AND
		statu is null
		and
		to_days(createtime) =
		to_days(#{time})
	</select>

	<!-- /**根据时间和id去查询月反水记录*/ -->
	<select id="getTowFanshui" resultType="FanshuiJl">
		select * from cp_fanshuijl
		where userid =#{id}
		AND
		statu is not null
		AND
		state is null
		AND
		DATE_FORMAT(createtime,
		'%Y-%m') = DATE_FORMAT(#{time}, '%Y-%m')
	</select>

</mapper> 