<?xml version="1.0" encoding="UTF-8"?>
 <!DOCTYPE mapper PUBLIC "-//ibatis.apache.org//DTD Mapper 3.0//EN"      
 "http://ibatis.apache.org/dtd/ibatis-3-mapper.dtd">
<mapper namespace="com.ja.dao.FanshuiMapper">

	<!-- 查询反水所需 -->
	<select id="getAllfanshui" resultType="Fanshui">
		select * from cp_fanshui
	</select>

	<!-- 修改反水点率 -->
	<update id="upfanshui">
		update cp_fanshui
		set
		type=#{s.type},jine=#{s.jine},
		damal=#{s.damal},fdianlv=#{s.fdianlv}
		where id = #{s.id}
	</update>

	<!-- 开启或关闭反水 -->
	<update id="kaiqifs">
		update cp_fanshui
		set state=#{state}
		where id = #{id}
	</update>
	
	<!-- 添加反水设置 -->
	<insert id="insertBackwater">
	INSERT INTO cp_fanshui(name,type,jine,damal,fdianlv)
	VALUES
	(#{fanshui.name},#{fanshui.type},#{fanshui.jine},#{fanshui.damal},#{fanshui.fdianlv})
	</insert>
	
	<!-- 删除反水功能 -->
	<delete id="deleteBackwater">
	DELETE FROM cp_fanshui
	WHERE id = #{id}
	</delete>
	
	<!-- 根据类型查询返水设置 -->
	<select id="getTypefanshui" resultType="Fanshui">
	SELECT * FROM cp_fanshui
	WHERE type = #{type}
	</select>
	
	<!-- 根据id查询返水设置  -->
	<select id="findByIdBackWaterSetup" resultType="Fanshui">
	SELECT name,type,jine,damal,fdianlv,state FROM cp_fanshui
	WHERE id = #{id}
	</select>

</mapper> 