<?xml version="1.0" encoding="UTF-8"?>
 <!DOCTYPE mapper PUBLIC "-//ibatis.apache.org//DTD Mapper 3.0//EN"      
 "http://ibatis.apache.org/dtd/ibatis-3-mapper.dtd">
<mapper namespace="com.ja.dao.FootBallOrderMapper">

	<!-- 添加订单信息 -->
	<insert id="addFootBallOrder">
		INSERT INTO cp_football_order
		(name,ctime,order_num,league,type,types,team_h,team_c,attributes,des_in,rebate,state,acount,user_id,mid)
		VALUES
		(#{m.name},#{m.ctime},#{m.order_num},#{m.league},#{m.type},#{m.types},#{m.team_h},#{m.team_c},
		#{m.attributes},#{m.des_in},#{m.rebate},#{m.state},#{m.acount},#{m.user_id},#{m.mid})
	</insert>

	<!-- 修改订单信息 -->
	<update id="updateFootBallOrder">
		UPDATE cp_football_order SET
		lotter_money=#{m.lotter_money},return_money=#{m.return_money},state=#{m.state},
		fh_score_h=#{m.fh_score_h},fh_score_c=#{m.fh_score_c},score_h=#{m.score_h},
		score_c=#{m.score_c},ltime=#{m.ltime}
		WHERE
		id = #{m.id}
	</update>

	<!--查询普通订单以及开奖信息 -->
	<select id="getCheckOrderInfo" resultType="FootBallOrder">
		SELECT
		o.id,o.name,o.ctime,o.order_num,o.league,o.type,o.types,o.team_h,o.team_c,o.attributes,o.des_in,o.rebate,o.acount,
		o.lotter_money,o.state,o.user_id,
		m.score_h,m.score_c,m.fh_score_h,m.fh_score_c
		FROM
		cp_football_order o,
		cp_football_match m
		WHERE
		o.mid = m.id
		AND o.type != '综合过关'
		AND o.state =
		1
	</select>

	<!-- 综合过关订单 -->
	<select id="getCheckOrderSeries" resultType="FootBallOrder">
		SELECT * FROM
		cp_football_order
		WHERE
		type='综合过关'
		AND state = 1
	</select>

	<!--综合过关订单以及开奖信息 -->
	<select id="getCheckOrderSeriesInfo" resultType="FootBallOrder">
		SELECT
		o.id,o.name,o.ctime,o.order_num,o.type,o.types,o.acount,s.league,s.team_h,s.team_c,s.attributes,s.des_in,s.rebate,
		s.lotter_money,s.return_money,s.id
		as'sort',s.order_num,s.mid,o.user_id,m.score_h,m.score_c,m.fh_score_h,m.fh_score_c
		FROM
		cp_football_order o,
		cp_football_match m,
		cp_football_order_series s
		WHERE
		s.mid = m.id
		AND
		o.order_num = s.order_num
		AND
		s.order_num =
		#{order_num}
	</select>

	<!-- 根据用户id 查询 所有订单 -->
	<select id="findOneAllOrder" resultType="FootBallOrder">
		SELECT * FROM
		cp_football_order
		WHERE user_id = #{id}
	</select>

	<!-- 根据订单id 查询 订单详情 -->
	<select id="findOrderInfo" resultType="FootBallOrder">
		SELECT * FROM
		cp_football_order
		WHERE id = #{id}
	</select>

	<!-- 插入综合过关子订单 -->
	<insert id="addFootBallSeriesInfo">
		INSERT INTO cp_football_order_series
		(ctime,league,team_h,team_c,attributes,des_in,rebate,order_num,mid)
		VALUES
		(#{o.ctime},#{o.league},#{o.team_h},#{o.team_c},
		#{o.attributes},#{o.des_in},#{o.rebate},#{o.order_num},#{o.mid})
	</insert>

	<!-- 修改综合过关的子订单 -->
	<update id="updateFootBallSeries">
		UPDATE cp_football_order_series SET lotter_money =
		#{o.lotter_money},return_money = #{o.return_money},
		fh_score_h=#{o.fh_score_h}, fh_score_c=#{o.fh_score_c},
		state=#{o.state}, score_h=#{o.score_h}, score_c=#{o.score_c}
		WHERE id =
		#{o.sort}
	</update>

	<!-- 根据id查询子订单信息 -->
	<select id="getLastMoney" resultType="FootBallOrder">
		SELECT
		*
		FROM
		cp_football_order_series
		WHERE
		id = (
		SELECT
		id
		FROM
		cp_football_order_series
		WHERE
		id &lt; #{sort}
		ORDER BY
		id DESC
		LIMIT 1
		)
	</select>

</mapper> 