<?xml version="1.0" encoding="UTF-8"?>
 <!DOCTYPE mapper PUBLIC "-//ibatis.apache.org//DTD Mapper 3.0//EN"      
 "http://ibatis.apache.org/dtd/ibatis-3-mapper.dtd">
<mapper namespace="com.ja.dao.GcRebateMapper">

	<!-- 查询所有的设置 -->
	<select id="findAllGcRebate" resultType="GcRebate">
		SELECT id,gc_money,gc_rebate,gc_state FROM cp_gc_rebate
		<if test="name!='' and name!=null">
		WHERE gc_money = #{name}
		</if>
	</select>
	
	<!-- 根据id查询特码返水配置  -->
	<select id="findByIdGcRebateInfo" resultType="GcRebate">
	SELECT gc_money,gc_rebate,created_time,gc_state FROM cp_gc_rebate
	WHERE id = #{id}
	</select>

	<!-- 添加反水设置 -->
	<insert id="insertGcRebate">
		INSERT INTO
		cp_gc_rebate(gc_money,gc_rebate,created_time)
		VALUES
		(#{gc_money},#{gc_rebate},#{created_time})
	</insert>

	<!-- 修改反水设置 -->
	<update id="updateByGcRebate">
		UPDATE cp_gc_rebate SET
		<if test="gc_money != null">
			gc_money=#{gc_money},
		</if>
		<if test="gc_rebate != null">
			gc_rebate=#{gc_rebate},
		</if>
		<if test="gc_state!=null">
			gc_state=#{gc_state},
		</if>
		created_time=#{created_time}
		WHERE id=#{id}
	</update>

	<delete id="deleteshanchu">
		delete from cp_gc_rebate where id=#{id}
	</delete>
	
</mapper> 