<?xml version="1.0" encoding="UTF-8"?>
 <!DOCTYPE mapper PUBLIC "-//ibatis.apache.org//DTD Mapper 3.0//EN"      
 "http://ibatis.apache.org/dtd/ibatis-3-mapper.dtd">
<mapper namespace="com.ja.dao.GendanMapper">

	<!--添加跟单订单 -->
	<insert id="addGendan">
		INSERT INTO
		cp_gendan(huiyuanzh,shenglv,rebate,beishu,payMoney,createTime,orderNum,cname,cpname,qihao,testState,state,userid)
		VALUES
		(#{g.huiyuanzh},#{g.shenglv},#{g.rebate},#{g.beishu},#{g.payMoney},#{g.createTime},#{g.orderNum},#{g.cname},#{g.cpname},#{g.qihao},#{g.testState},#{g.state},#{g.userid})
	</insert>

	<!-- 判断测试单 -->
	<select id="getTestState" resultType="java.lang.Integer">
		SELECT COUNT(id) FROM
		cp_gendan WHERE userid = #{id} AND testState=0 AND
		TO_DAYS(createTime)
		= TO_DAYS(#{times})
	</select>

	<!-- 查询有效的跟单订单号 -->
	<select id="getFindGendan" resultType="java.lang.String">
		SELECT
		DISTINCT(orderNum)
		FROM
		cp_gendan
		WHERE
		testState = 1
		AND orderState = 0
		AND state = 0
	</select>

	<!-- 查询有效的跟单订单 -->
	<select id="getAllGendan" resultType="JointVo">
		SELECT
		j.id,o.id as
		'orderid',o.cName1,o.cName,o.state,o.lotterCount,o.goalMoney,o.odds,o.str1,o.str2,o.str3,o.str4,o.str5,o.str6,o.str7,o.str8,o.str9,o.str10,o.str11,o.str12,o.str13,o.str14,
		o.str15,o.str16,o.str17,o.str18,o.str19,o.str20,o.str21,o.str22,o.str23,o.str24,o.str25,o.str26,o.str27,o.str28,o.str29,o.str30,o.str31,o.str32,
		o.str33,o.str34,o.str35,o.str36,o.str37,o.str38,o.str39,o.cplay1,o.cplay2,o.cplay3,o.cplay4,o.cplay5,o.cplay6,o.cplay7,o.cplay9,o.cplay10,o.cplay11,
		o.cplay12,o.cplay13,o.cplay14,o.cplay15,o.cplay16,o.cplay17,o.cplay18,o.cplay19,o.cplay20,o.cplay21,o.cplay22,o.cplay23,o.cplay24,o.cplay25,o.cplay26,
		o.cplay27,o.cplay28,o.cplay29,o.cplay30,o.cplay31,o.cplay32,o.cplay33,o.cplay34,o.cplay35,o.cplay36,o.cplay37,o.cplay38,o.cplay39,o.cplay40,
		j.huiyuanzh,j.shenglv,j.rebate,j.rebateMoney,j.beishu,j.counts,j.shouru,j.payMoney,j.income,j.qihao,j.checkNum,j.createTime,j.testState,j.orderState,j.userid
		FROM
		cp_gendan j,cp_order o
		WHERE
		j.orderNum = o.ordernum
		AND j.orderState = 0
		AND j.state = 0
		AND j.testState = 1
		AND j.orderNum IN (
		SELECT DISTINCT
		(orderNum)
		FROM cp_gendan
		)
		ORDER BY j.id DESC
	</select>

	<!-- 查询发起和参与的订单号 -->
	<select id="getOrderNum" resultType="java.lang.String">
		SELECT
		DISTINCT(orderNum)
		FROM
		cp_gendan
		WHERE
		state = #{i}
	</select>

	<!-- 查询自己发起的跟单 -->
	<select id="getFQGendan" resultType="JointVo">
		SELECT
		o.id,o.cName1,o.cName,o.state,o.odds,o.lotterCount,o.goalMoney,o.str1,o.str2,o.str3,o.str4,o.str5,o.str6,o.str7,o.str8,o.str9,o.str10,o.str11,o.str12,o.str13,o.str14,
		o.str15,o.str16,o.str17,o.str18,o.str19,o.str20,o.str21,o.str22,o.str23,o.str24,o.str25,o.str26,o.str27,o.str28,o.str29,o.str30,o.str31,o.str32,
		o.str33,o.str34,o.str35,o.str36,o.str37,o.str38,o.str39,o.cplay1,o.cplay2,o.cplay3,o.cplay4,o.cplay5,o.cplay6,o.cplay7,o.cplay9,o.cplay10,o.cplay11,
		o.cplay12,o.cplay13,o.cplay14,o.cplay15,o.cplay16,o.cplay17,o.cplay18,o.cplay19,o.cplay20,o.cplay21,o.cplay22,o.cplay23,o.cplay24,o.cplay25,o.cplay26,
		o.cplay27,o.cplay28,o.cplay29,o.cplay30,o.cplay31,o.cplay32,o.cplay33,o.cplay34,o.cplay35,o.cplay36,o.cplay37,o.cplay38,o.cplay39,o.cplay40,
		j.huiyuanzh,j.shenglv,j.rebate,j.rebateMoney,j.beishu,j.income,j.counts,j.shouru,j.payMoney,j.qihao,j.checkNum,j.createTime,j.orderState,j.testState,j.userid,j.orderNum
		FROM
		cp_gendan j,cp_order o
		WHERE
		j.orderNum = o.ordernum
		AND j.userid=#{id}
		AND j.state = 0
		AND j.orderNum IN (
		SELECT DISTINCT
		(orderNum)
		FROM cp_gendan
		)
		ORDER BY j.id DESC
	</select>

	<!-- 查询自己参与的跟单 -->
	<select id="getCYGendan" resultType="JointVo">
		SELECT
		o.id,o.cName1,o.cName,o.state,o.lotterCount,o.goalMoney,o.odds,o.acount,o.str1,o.str2,o.str3,o.str4,o.str5,o.str6,o.str7,o.str8,o.str9,o.str10,o.str11,o.str12,o.str13,o.str14,
		o.str15,o.str16,o.str17,o.str18,o.str19,o.str20,o.str21,o.str22,o.str23,o.str24,o.str25,o.str26,o.str27,o.str28,o.str29,o.str30,o.str31,o.str32,
		o.str33,o.str34,o.str35,o.str36,o.str37,o.str38,o.str39,o.cplay1,o.cplay2,o.cplay3,o.cplay4,o.cplay5,o.cplay6,o.cplay7,o.cplay9,o.cplay10,o.cplay11,
		o.cplay12,o.cplay13,o.cplay14,o.cplay15,o.cplay16,o.cplay17,o.cplay18,o.cplay19,o.cplay20,o.cplay21,o.cplay22,o.cplay23,o.cplay24,o.cplay25,o.cplay26,
		o.cplay27,o.cplay28,o.cplay29,o.cplay30,o.cplay31,o.cplay32,o.cplay33,o.cplay34,o.cplay35,o.cplay36,o.cplay37,o.cplay38,o.cplay39,o.cplay40,
		o.huiyuanzh,j.shenglv,j.rebate,j.rebateMoney,j.beishu,j.income,j.counts,j.shouru,j.payMoney,j.qihao,j.checkNum,j.createTime,j.orderState,j.testState,j.userid,j.orderNum
		FROM
		cp_gendan j,cp_order o
		WHERE
		j.orderNum = o.ordernum
		AND j.userid=#{id}
		AND j.state = 1
		AND j.orderNum IN (
		SELECT DISTINCT
		(orderNum)
		FROM cp_gendan
		)
		ORDER BY j.id DESC
	</select>

	<!-- 查询最新一条的id -->
	<select id="getByOrderId" resultType="Gendan">
		SELECT * FROM cp_gendan
		WHERE userid = #{id} ORDER BY id DESC LIMIT 1
	</select>

	<!-- 插入胜率 -->
	<update id="updateShenglv">
		UPDATE cp_gendan SET shenglv = #{g.shenglv},rebate =
		#{g.rebate} WHERE id =
		#{g.id}
	</update>

	<!--查看某一条跟单的信息 -->
	<select id="getOneData" resultType="JointVo">
		SELECT
		j.id,o.id as
		'orderid',o.cName1,o.cName,o.lotterCount,o.goalMoney,o.state,o.odds,o.str1,o.str2,o.str3,o.str4,o.str5,o.str6,o.str7,o.str8,o.str9,o.str10,o.str11,o.str12,o.str13,o.str14,
		o.str15,o.str16,o.str17,o.str18,o.str19,o.str20,o.str21,o.str22,o.str23,o.str24,o.str25,o.str26,o.str27,o.str28,o.str29,o.str30,o.str31,o.str32,
		o.str33,o.str34,o.str35,o.str36,o.str37,o.str38,o.str39,o.cplay1,o.cplay2,o.cplay3,o.cplay4,o.cplay5,o.cplay6,o.cplay7,o.cplay9,o.cplay10,o.cplay11,
		o.cplay12,o.cplay13,o.cplay14,o.cplay15,o.cplay16,o.cplay17,o.cplay18,o.cplay19,o.cplay20,o.cplay21,o.cplay22,o.cplay23,o.cplay24,o.cplay25,o.cplay26,
		o.cplay27,o.cplay28,o.cplay29,o.cplay30,o.cplay31,o.cplay32,o.cplay33,o.cplay34,o.cplay35,o.cplay36,o.cplay37,o.cplay38,o.cplay39,o.cplay40,
		j.huiyuanzh,j.shenglv,j.rebate,j.rebateMoney,j.beishu,j.shouru,j.counts,j.payMoney,j.qihao,j.checkNum,j.createTime,j.orderState,j.testState,j.userid
		FROM
		cp_gendan j,cp_order o
		WHERE
		j.orderNum = o.ordernum
		AND
		j.id = #{id}
	</select>

	<!-- 购买进度 -->
	<select id="getShopGendan" resultType="java.lang.Integer">
		SELECT COUNT(id) FROM
		cp_gendan WHERE userid = #{id} AND testState =0
	</select>

	<!--某个彩种某期退钱 -->
	<select id="getAllUser" resultType="Gendan">
		SELECT
		*
		FROM
		cp_gendan
		WHERE
		cpname = #{d.cname}
		AND qihao = #{d.period}
		AND orderState = 0
	</select>

	<!--跟单退钱状态修改 -->
	<update id="chedan">
		UPDATE cp_gendan SET
		orderState=#{g.orderState},tqState=#{g.tqState}
		WHERE id = #{g.id}
	</update>

	<!-- 查詢已失效的订单 -->
	<select id="gdInvalid" resultType="JointVo">
		SELECT
		j.id,o.id as
		'orderid',o.cName1,o.cName,o.lotterCount,o.goalMoney,o.state,o.odds,o.str1,o.str2,o.str3,o.str4,o.str5,o.str6,o.str7,o.str8,o.str9,o.str10,o.str11,o.str12,o.str13,o.str14,
		o.str15,o.str16,o.str17,o.str18,o.str19,o.str20,o.str21,o.str22,o.str23,o.str24,o.str25,o.str26,o.str27,o.str28,o.str29,o.str30,o.str31,o.str32,
		o.str33,o.str34,o.str35,o.str36,o.str37,o.str38,o.str39,o.cplay1,o.cplay2,o.cplay3,o.cplay4,o.cplay5,o.cplay6,o.cplay7,o.cplay9,o.cplay10,o.cplay11,
		o.cplay12,o.cplay13,o.cplay14,o.cplay15,o.cplay16,o.cplay17,o.cplay18,o.cplay19,o.cplay20,o.cplay21,o.cplay22,o.cplay23,o.cplay24,o.cplay25,o.cplay26,
		o.cplay27,o.cplay28,o.cplay29,o.cplay30,o.cplay31,o.cplay32,o.cplay33,o.cplay34,o.cplay35,o.cplay36,o.cplay37,o.cplay38,o.cplay39,o.cplay40,
		j.huiyuanzh,j.shenglv,j.rebate,j.rebateMoney,j.beishu,j.shouru,j.counts,j.payMoney,j.income,j.qihao,j.checkNum,j.createTime,j.orderState,j.testState,j.userid
		FROM
		cp_gendan j,
		cp_order o
		WHERE
		j.orderNum = o.ordernum
		AND j.testState
		= 1
		AND j.orderState = 1
		AND j.state = 0
		AND j.orderNum IN (
		SELECT
		DISTINCT
		(orderNum)
		FROM cp_gendan
		)
		ORDER BY j.id DESC
	</select>

	<!-- 根据条件查询订单 -->
	<select id="getIncomdeGendan" resultType="JointVo">
		SELECT
		j.id,o.id as
		'orderid',o.cName1,o.cName,o.lotterCount,o.goalMoney,o.state,o.odds,o.str1,o.str2,o.str3,o.str4,o.str5,o.str6,o.str7,o.str8,o.str9,o.str10,o.str11,o.str12,o.str13,o.str14,
		o.str15,o.str16,o.str17,o.str18,o.str19,o.str20,o.str21,o.str22,o.str23,o.str24,o.str25,o.str26,o.str27,o.str28,o.str29,o.str30,o.str31,o.str32,
		o.str33,o.str34,o.str35,o.str36,o.str37,o.str38,o.str39,o.cplay1,o.cplay2,o.cplay3,o.cplay4,o.cplay5,o.cplay6,o.cplay7,o.cplay9,o.cplay10,o.cplay11,
		o.cplay12,o.cplay13,o.cplay14,o.cplay15,o.cplay16,o.cplay17,o.cplay18,o.cplay19,o.cplay20,o.cplay21,o.cplay22,o.cplay23,o.cplay24,o.cplay25,o.cplay26,
		o.cplay27,o.cplay28,o.cplay29,o.cplay30,o.cplay31,o.cplay32,o.cplay33,o.cplay34,o.cplay35,o.cplay36,o.cplay37,o.cplay38,o.cplay39,o.cplay40,
		j.huiyuanzh,j.shenglv,j.rebate,j.rebateMoney,j.beishu,j.shouru,j.counts,j.payMoney,j.income,j.qihao,j.checkNum,j.createTime,j.orderState,j.testState,j.userid
		FROM
		cp_gendan j,
		cp_order o
		WHERE
		j.orderNum = o.ordernum
		AND j.createTime
		LIKE CONCAT('%', #{time}, '%')
		AND j.state = 0
		AND j.testState=1
		AND j.orderNum IN (
		SELECT DISTINCT
		(orderNum)
		FROM cp_gendan
		)
		ORDER BY j.income DESC
	</select>
	
	<!-- 查询每周订单 -->
	<select id="getIncomdeWeek" resultType="JointVo">
		SELECT
		j.id,o.id as
		'orderid',o.cName1,o.cName,o.lotterCount,o.goalMoney,o.state,o.odds,o.str1,o.str2,o.str3,o.str4,o.str5,o.str6,o.str7,o.str8,o.str9,o.str10,o.str11,o.str12,o.str13,o.str14,
		o.str15,o.str16,o.str17,o.str18,o.str19,o.str20,o.str21,o.str22,o.str23,o.str24,o.str25,o.str26,o.str27,o.str28,o.str29,o.str30,o.str31,o.str32,
		o.str33,o.str34,o.str35,o.str36,o.str37,o.str38,o.str39,o.cplay1,o.cplay2,o.cplay3,o.cplay4,o.cplay5,o.cplay6,o.cplay7,o.cplay9,o.cplay10,o.cplay11,
		o.cplay12,o.cplay13,o.cplay14,o.cplay15,o.cplay16,o.cplay17,o.cplay18,o.cplay19,o.cplay20,o.cplay21,o.cplay22,o.cplay23,o.cplay24,o.cplay25,o.cplay26,
		o.cplay27,o.cplay28,o.cplay29,o.cplay30,o.cplay31,o.cplay32,o.cplay33,o.cplay34,o.cplay35,o.cplay36,o.cplay37,o.cplay38,o.cplay39,o.cplay40,
		j.huiyuanzh,j.shenglv,j.rebate,j.rebateMoney,j.beishu,j.counts,j.shouru,j.payMoney,j.income,j.qihao,j.checkNum,j.createTime,j.orderState,j.testState,j.userid
		FROM
		cp_gendan j,
		cp_order o
		WHERE
		j.orderNum = o.ordernum
		AND YEARWEEK(date_format(j.createTime,'%Y-%m-%d')) = YEARWEEK(#{time})
		AND j.state = 0
		AND j.testState=1
		AND j.orderNum IN (
		SELECT DISTINCT
		(orderNum)
		FROM cp_gendan
		)
		ORDER BY j.income DESC
	</select>

    <select id="findGendan" resultType="Gendan"> 
    SELECT * FROM cp_gendan
    WHERE id = #{id}
    </select>
    
    <update id="updateCounts">
    UPDATE cp_gendan SET
    counts = #{counts}
    WHERE id = #{id}
    </update>




</mapper> 