<?xml version="1.0" encoding="UTF-8"?>
 <!DOCTYPE mapper PUBLIC "-//ibatis.apache.org//DTD Mapper 3.0//EN"      
 "http://ibatis.apache.org/dtd/ibatis-3-mapper.dtd">
<mapper namespace="com.ja.dao.GendanlvMapper">

	<!-- 查询跟单推荐费比率 -->
	<select id="getFindRebate" resultType="Gendanlv">
		select * from cp_gendanlv
	</select>

	<!--修改跟单的推荐比率 -->
	<update id="updateGendanlv">
		UPDATE cp_gendanlv SET shenglv =
		#{g.shenglv},rebate=#{g.rebate},czname=#{g.czname},createTime=#{g.createTime}
	</update>

	<!-- 添加跟单的推荐费规则 -->
	<update id="addGendanlv">
		UPDATE cp_gendanlv SET
		severalTime=#{g.severalTime},rebate1=#{g.rebate1},rebate2=#{g.rebate2},rebate3=#{g.rebate3},
		rebate4=#{g.rebate4},rebate5=#{g.rebate5},rebate6=#{g.rebate6},rebate7=#{g.rebate7},rebate8=#{g.rebate8},
		rebate9=#{g.rebate9},rebate10=#{g.rebate10},czname=#{g.czname},createTime=#{g.createTime}
		WHERE id = 1
	</update>
	
		<!--刪除跟单的推荐费规则-->
	<delete id="delGendanlv">
	delete from cp_gendanlv where id = #{id}
	</delete>

</mapper> 