<?xml version="1.0" encoding="UTF-8"?>
 <!DOCTYPE mapper PUBLIC "-//ibatis.apache.org//DTD Mapper 3.0//EN"      
 "http://ibatis.apache.org/dtd/ibatis-3-mapper.dtd">
<mapper namespace="com.ja.dao.IndexPictureMapper">

	<!-- 查询所有的轮播信息 -->
	<select id="getAllIndexPicture" resultType="IndexPicture">
		SELECT * FROM cp_index_picture ORDER BY ID DESC
	</select>
	
	<!-- 根据id查询轮播信息 -->
	<select id="getOneByIdIndexPicture" resultType="IndexPicture">
		SELECT * FROM cp_index_picture
		WHERE id = #{id}
	</select>

	<!--添加轮播图片 -->
	<insert id="addIndexPicture">
		INSERT INTO
		cp_index_picture(pictureName,pictureType,picturePath1,picturePath2,picturePath3
		,picturePath4,picturePath5,pictureState,createTime,updateName)
		VALUES
		(#{pictureName},#{pictureType},#{picturePath1},#{picturePath2},#{picturePath3},
		#{picturePath4},#{picturePath5},#{pictureState},#{createTime},#{updateName})
	</insert>

	<!--修改轮播图片 -->
	<update id="updIndexPicture">
		UPDATE cp_index_picture SET
		pictureName=#{pictureName},pictureType=#{pictureType},picturePath1=#{picturePath1},
		picturePath2=#{picturePath2},picturePath3=#{picturePath3},picturePath4=#{picturePath4},
		picturePath5=#{picturePath5},pictureState=#{pictureState},createTime=#{createTime},updateName=#{updateName}
		WHERE id = #{id}
	</update>

	<!--删除轮播图片 -->
	<delete id="delIndexPicture">
		DELETE FROM cp_index_picture 
		WHERE id = #{id}
	</delete>
	
	<!--禁用-启用-->
	<update id="updIndexPictureState">
	UPDATE cp_index_picture SET
	pictureState=#{state}
	WHERE id = #{id}
	</update>
	
	<!-- 删除某一张图片 -->
	<update id="delIndexPictures">
	UPDATE cp_index_picture SET
	${count}=''
	WHERE id = #{id}
	</update>
	
	<select id="getOneByPictureDesc" resultType="IndexPicture">
	SELECT picturePath1,picturePath2,picturePath3,picturePath4,picturePath5 FROM cp_index_picture
	ORDER BY ID DESC LIMIT 1
	</select>

</mapper> 