<?xml version="1.0" encoding="UTF-8"?>
 <!DOCTYPE mapper PUBLIC "-//ibatis.apache.org//DTD Mapper 3.0//EN"      
 "http://ibatis.apache.org/dtd/ibatis-3-mapper.dtd">
 <mapper namespace="com.ja.dao.InfoNoticeMapper">

    <!-- 查询所有的公告信息 -->
    <select id="getAllInfoNotice" resultType="InfoNotice">
     SELECT * FROM cp_info_notice ORDER BY ID DESC
    </select>
    
    <!--添加公告信息  -->
    <insert id="addInfoNotice">
    INSERT INTO cp_info_notice(noticeName,noticeType,noticePicture,noticeState,createTime,updateName)
    VALUES
    (#{noticeName},#{noticeType},#{noticePicture},#{noticeState},#{createTime},#{updateName})
    </insert>

    <!--修改公告信息  -->   
    <update id="updInfoNotice">
    UPDATE cp_info_notice SET 
    noticeName=#{noticeName},
    noticeType=#{noticeType},
    noticePicture=#{noticePicture},
    noticeState=#{noticeState},
    createTime=#{createTime},
    updateName=#{updateName}
    WHERE id =  #{id}
    </update>
 
    <!--删除公告信息  -->
     <delete id="delInfoNotice">
     DELETE FROM cp_info_notice
     WHERE id = #{id}
     </delete>
     
     <select id="getOneByIdNotice" resultType="InfoNotice">
     SELECT * FROM cp_info_notice
     WHERE id = #{id}
     </select>
     
     <select id="getOneByNoticeDesc" resultType="InfoNotice">
     SELECT * FROM cp_info_notice 
     WHERE noticeType =#{type}
     ORDER BY id DESC LIMIT 1
     </select>
     
     <update id="updInfoNoticeState">
     UPDATE cp_info_notice SET
     noticeState = #{state}
     WHERE id = #{id}
     </update>
     
     
     <!-- 查询平台所有的内部公告 -->
      <select id="findAllUserNotices" resultType="UserNotice">
     SELECT * FROM cp_user_notice
     ORDER BY id DESC
     </select>
     
       <!-- 根据id查询平台的内部公告 -->
     <select id="findByIdAllUserNotices" resultType="UserNotice"> 
     SELECT * FROM cp_user_notice 
     WHERE id =#{id}
     </select>
     
     <!-- 添加平台内部公告 -->
     <insert id="saveUserNotice">
     INSERT INTO cp_user_notice(title,content,contents,created_time)
     VALUES(#{title},#{content},#{contents},#{created_time})
     </insert>
     
     <!-- 修改平台背部公告 -->
     <update id="updateUserNotice">
     UPDATE cp_user_notice SET
     title = #{title},content=#{content},contents=#{contents},created_time=#{created_time}
     WHERE id = #{id}
     </update>
     
     <!-- 删除用户内部信息公告 -->
     <delete id="deleteUserNotice">
     DELETE FROM cp_user_notice
     WHERE id = #{id}
     </delete>

	<!-- 查询需要更新的页面 -->
	<select id="updatePage" resultType="UpDataPage">
		SELECT * FROM cp_upDataPage
	</select>
	
	<!-- 查询需要更新的页面 -->
	<select id="updatePages" resultType="UpDataPage">
		SELECT * FROM cp_upDataPage where name = #{name}
	</select>
	<!-- 查询需要更新的页面 -->
	<select id="updatePagesc" resultType="UpDataPage">
		SELECT * FROM cp_upDataPage where status = #{status}
	</select>
	<!-- 修改客服提示语 -->
	<update id="Tips">
		UPDATE cp_admin SET tips=#{tips} WHERE id = 1
	</update>
	<select id="Maintain" resultType="java.lang.Integer">
		select weihukaiguan from cp_admin 
	</select>
	<!-- 查询网站维护公告 -->
	<select id="whNotice" resultType="java.lang.String">
		select weihuyuanyin from cp_admin
	</select>
 </mapper> 