<?xml version="1.0" encoding="UTF-8"?>
 <!DOCTYPE mapper PUBLIC "-//ibatis.apache.org//DTD Mapper 3.0//EN"      
 "http://ibatis.apache.org/dtd/ibatis-3-mapper.dtd">
<mapper namespace="com.ja.dao.JineMapper">

	<!-- 查询所有充值记录 -->
	<select id="getAllJl" resultType="Jine">
		SELECT
		*
		FROM
		cp_jine
		WHERE
		fukuanje != 0.00
		ORDER BY id DESC
		<if test="model==1">
			LIMIT #{startIndex},#{lineCount}
		</if>
	</select>

	<!-- 条件查询充值记录 -->
	<select id="getTypeJl" resultType="Jine">
		SELECT
		*
		FROM
		cp_jine
		WHERE
		fukuanje != 0.00
		<if test="z.type!=null and z.type!=''">
			and type = #{z.type}
		</if>
		<if test="z.hydengji!=null and z.hydengji!=''">
			and hydengji = #{z.hydengji}
		</if>
		<if test="z.state!=null and z.state!=''">
			and state = #{z.state}
		</if>
		<if test="z.name!=null and z.name!=''">
			and name = #{z.name}
		</if>
		<if test="z.ordernum!=null and z.ordernum!=''">
			and ordernum = #{z.ordernum}
		</if>
		<if test="date1!=null and date1!='' and date2!=null and date2!=''">
			and sqtime Between #{date1} and
			date_add(#{date2},interval
			1 day)
		</if>
		ORDER BY id DESC
		<if test="model==1">
			LIMIT #{startIndex},#{lineCount}
		</if>
	</select>

	<!-- 查询所有提款记录 -->
	<select id="getTikuanJl" resultType="Jine">
		SELECT * FROM cp_jine
		WHERE
		tikuanje!=0.00
		ORDER BY id DESC
		<if test="model==1">
			LIMIT #{startIndex},#{lineCount}
		</if>
	</select>

	<!-- 条件查询提款记录 -->
	<select id="getTikuanTypeJl" resultType="Jine">
		SELECT
		*
		FROM
		cp_jine
		WHERE
		tikuanje!=0.00
		<if test="z.type!=null and z.type!=''">
			and type = #{z.type}
		</if>
		<if test="z.state!=null and z.state!=''">
			and state = #{z.state}
		</if>
		<if test="z.name!=null and z.name!=''">
			and name = #{z.name}
		</if>
		<if test="z.ordernum!=null and z.ordernum!=''">
			and ordernum = #{z.ordernum}
		</if>
		<if test="date1!=null and date1!='' and date2!=null and date2!=''">
			and cltime Between #{date1} and
			date_add(#{date2},interval
			1 day)
		</if>
		order by id desc
		<if test="model==1">
			LIMIT #{startIndex},#{lineCount}
		</if>
	</select>

	<!-- 添加充值记录 -->
	<insert id="addJilu" parameterType="Jine">
		insert into
		cp_jine(name,ordernum,zhifupt,fukuanje,ckname,zhifuzh,hydengji,skname,skbankzh,tikuanje,tikuansxf,sqtime,cltime,type,state,caozuo,czname,beizhu,userid)
		values
		(#{z.name},#{z.ordernum},#{z.zhifupt},#{z.fukuanje},#{z.ckname},#{z.zhifuzh},#{z.hydengji},#{z.skname},#{z.skbankzh},#{z.tikuanje},#{z.tikuansxf},#{z.sqtime},#{z.cltime},#{z.type},#{z.state},#{z.caozuo},#{z.czname},#{z.beizhu},#{z.userid})
	</insert>

	<!-- 查询今日充值-提款 -->
	<select id="cxToday" resultType="Jine">
		SELECT
		IFNULL(sum(fukuanje), 0)
		AS 'fukuanje',
		IFNULL(sum(tikuanje), 0) AS 'tikuanje'
		FROM
		cp_jine
		WHERE
		to_days(cltime) = to_days(#{date})
		AND state IN (
		'充值成功', '提款成功',
		'加款成功', '扣款成功' )
	</select>

	<!-- 查询个人总计 -最后充值金额-时间 -->
	<select id="zhCzJineJl" resultType="Jine">
		SELECT
		IFNULL(MAX(fukuanje),
		0) AS fukuanje,
		IFNULL(MAX(cltime), 0) AS cltime
		FROM
		cp_jine
		WHERE
		id = (
		SELECT
		IFNULL(MAX(id), 0) AS 'id'
		FROM
		cp_jine
		WHERE
		userid = #{id}
		AND
		fukuanje != 0.00
		AND state IN (
		'充值成功', '加款成功' ))
	</select>

	<!-- 查询个人总计 -最后提款金额-时间 -->
	<select id="zhTkJineJl" resultType="Jine">
		SELECT
		IFNULL(MAX(tikuanje),
		0) AS tikuanje,
		IFNULL(MAX(cltime), 0) AS cltime
		FROM
		cp_jine
		WHERE
		id = (
		SELECT
		IFNULL(MAX(id), 0) AS 'id'
		FROM
		cp_jine
		WHERE
		userid = #{id}
		AND
		tikuanje != 0.00
		AND STATE IN (
		'提款成功', '扣款成功' ) )
	</select>

	<!-- 根据用户id查询当前用户充值的信息 -->
	<select id="getOneCzJl" resultType="Jine">
		SELECT
		*
		FROM
		cp_jine
		WHERE
		userid = #{id}
		AND fukuanje != 0.00
		<if test="z.type!=null and z.type!=''">
			and type = #{z.type}
		</if>
		<if test="z.state!=null and z.state!=''">
			and state = #{z.state}
		</if>
		<if test="z.zhifupt!=null and z.zhifupt!=''">
			and zhifupt = #{z.zhifupt}
		</if>
		<if test="z.zhifuzh!=null and z.zhifuzh!=''">
			and zhifuzh = #{z.zhifuzh}
		</if>
		<if test="z.name!=null and z.name!=''">
			and name = #{z.name}
		</if>
		<if test="z.ordernum!=null and z.ordernum!=''">
			and ordernum = #{z.ordernum}
		</if>
		<if test="date1!=null and date1!='' and date2!=null and date2!=''">
			and cltime Between #{date1} and date_add(#{date2},interval 1 day)
		</if>
		order by id
		desc
	</select>

	<!-- 根据用户id查询当前用户的提款信息 -->
	<select id="getOneTkJl" resultType="Jine">
		SELECT
		*
		FROM
		cp_jine
		WHERE
		userid = #{id}
		AND
		tikuanje!=0.00
		<if test="z.type!=null and z.type!=''">
			and type = #{z.type}
		</if>
		<if test="z.state!=null and z.state!=''">
			and state = #{z.state}
		</if>
		<if test="z.zhifupt!=null and z.zhifupt!=''">
			and zhifupt = #{z.zhifupt}
		</if>
		<if test="z.zhifuzh!=null and z.zhifuzh!=''">
			and zhifuzh = #{z.zhifuzh}
		</if>
		<if test="z.name!=null and z.name!=''">
			and name = #{z.name}
		</if>
		<if test="z.ordernum!=null and z.ordernum!=''">
			and ordernum = #{z.ordernum}
		</if>
		<if test="date1!=null and date1!='' and date2!=null and date2!=''">
			and cltime Between #{date1} and
			date_add(#{date2},interval
			1 day)
		</if>
		order by id
		desc
	</select>

	<!-- 根据用户id查询当前用户今日的充值金额 -->
	<select id="getCzTodyJl" resultType="java.lang.Double">
		SELECT
		IFNULL(SUM(fukuanje),0) as 'jine'
		FROM
		cp_jine
		WHERE
		TO_DAYS(cltime) =
		TO_DAYS(#{date})
		AND userid = #{id}
		AND state IN('充值成功','加款成功')
	</select>

	<!-- 根据用户id查询当前用户当月的充值金额 -->
	<select id="getCzMonthJl" resultType="java.lang.Double">
		SELECT
		IFNULL(SUM(fukuanje),0) as 'jine'
		FROM
		cp_jine
		WHERE
		DATE_FORMAT(cltime,
		'%Y-%m') = DATE_FORMAT(CURDATE(), '%Y-%m')
		AND userid = #{id}
		AND state
		IN('充值成功','加款成功')
	</select>

	<!-- 根据用户id查询当前用户上月的充值金额 -->
	<select id="getCzLastMonthJl" resultType="java.lang.Double">
		SELECT
		IFNULL(SUM(fukuanje), 0) AS 'jine'
		FROM
		cp_jine
		WHERE
		PERIOD_DIFF(
		date_format(#{date}, '%Y%m'),
		date_format(cltime, '%Y%m')
		) = 1
		AND
		userid = 1
		AND state IN (
		'充值成功', '加款成功' )
	</select>

	<!-- 审核提款 -->
	<update id="upTikuanSh">
		update cp_jine set state
		=#{z.state},cltime=#{z.cltime},caozuo=#{z.caozuo},type=#{z.type},
		czname=#{z.czname},beizhu=#{z.beizhu}
		where id = #{z.id}
	</update>

	<!-- 查询用户的充值记录 -->
	<select id="onechongzhi" resultType="Jine">
		SELECT * FROM cp_jine
		WHERE
		userid = #{id}
		AND
		fukuanje != 0.00
		ORDER BY id DESC
	</select>

	<!-- 查询用户提款记录 -->
	<select id="onetikuan" resultType="Jine">
		SELECT * FROM cp_jine
		WHERE
		userid = #{id}
		AND
		tikuanje != 0.00
		ORDER BY id DESC
	</select>

	<!-- 查询用充值户提款记录 -->
	<select id="getAllJlLimit" resultType="Jine">
		SELECT * FROM cp_jine
		WHERE
		state IN('充值成功','提款成功','加款成功','扣款成功')
		ORDER BY id DESC
		limit 20
	</select>

	<!-- 今日提款次数 -->
	<select id="getTikuanCount" resultType="java.lang.Integer">
		SELECT
		IFNULL(COUNT(id),0)
		FROM
		cp_jine
		WHERE
		tikuanje != 0.00
		AND
		TO_DAYS(sqtime)
		=
		TO_DAYS(#{date})
		AND
		userid = #{id}
	</select>

	<!-- 今日提款成功次数 -->
	<select id="getTikuanCount1" resultType="java.lang.Integer">
		SELECT
		IFNULL(COUNT(id),0)
		FROM
		cp_jine
		WHERE
		tikuanje != 0.00
		AND
		state = '提款成功'
		AND
		TO_DAYS(sqtime) =
		TO_DAYS(#{date})
		AND
		userid = #{id}
	</select>

	<update id="updateTikuansd">
		UPDATE cp_jine SET state = #{j.state},caozuo =
		#{j.caozuo},cltime =
		#{j.cltime},czname=#{j.czname}
		WHERE id = #{j.id}
	</update>

	<select id="getTikuanSum" resultType="java.lang.Double">
		SELECT
		IFNULL(SUM(tikuanje),0)
		FROM
		cp_jine
		WHERE
		tikuanje != 0.00
		AND
		TO_DAYS(sqtime) =
		TO_DAYS(#{date})
		AND
		userid = #{id}
	</select>

	<select id="getTikuanSum1" resultType="java.lang.Double">
		SELECT
		IFNULL(SUM(tikuanje),0)
		FROM
		cp_jine
		WHERE
		tikuanje != 0.00
		AND
		state =
		'提款成功'
		AND
		TO_DAYS(sqtime) =
		TO_DAYS(#{date})
		AND
		userid = #{id}
	</select>

	<select id="getChongzhiCount" resultType="java.lang.Integer">
		SELECT
		IFNULL(COUNT(id),0)
		FROM
		cp_jine
		WHERE
		fukuanje != 0.00
		AND
		TO_DAYS(sqtime)
		=
		TO_DAYS(#{date})
		AND
		userid = #{id}
		AND state IN('充值成功','加款成功')
	</select>

	<select id="getChongzhiSum" resultType="java.lang.Double">
		SELECT
		IFNULL(SUM(fukuanje),0)
		FROM
		cp_jine
		WHERE
		fukuanje != 0.00
		AND
		TO_DAYS(sqtime) =
		TO_DAYS(#{date})
		AND
		userid = #{id}
		AND state
		IN('充值成功','加款成功')
	</select>

	<select id="getByStateAllYuyin" resultType="Jine">
		SELECT
		*
		FROM
		cp_jine
		WHERE
		state in('未处理','未到账')
	</select>
	<!-- 统计数据库里面有多少条充值数据还没有处理 -->
	<select id="getCount" resultType="java.lang.Integer">
		SELECT
		count(id)
		FROM
		cp_jine
		WHERE
		state in('未处理','未到账')  AND type = '人工加款'
	</select>
	
	<!-- 统计数据库里面有多少条提款数据没有处理-->
	<select id="getCountTk" resultType="java.lang.Integer">
		SELECT
		count(id)
		FROM
		cp_jine
		WHERE
		state in('未处理','未到账') AND type = '在线提款'
	</select>

	<select id="findInfoData" resultType="Jine">
		SELECT * FROM cp_jine
		WHERE status = 1
		AND state IN('充值成功','加款成功','提款成功')
		LIMIT 1
	</select>

	<update id="updateInfoData">
		UPDATE cp_jine SET status = 0
		WHERE id = #{id}
	</update>

	<!-- 修改在线充值状态 -->
	<update id="updateRechargeState">
		UPDATE cp_jine SET state =#{state},cltime=#{time}
		WHERE ordernum = #{orderNum}
	</update>

	<!-- 修改在线充值状态 -->
	<select id="findJineInfo" resultType="Jine">
		SELECT * FROM cp_jine
		WHERE ordernum = #{orderNum}
	</select>

	<!-- 查询未处理成功的提款订单 -->
	<select id="findJineByState" resultType="Jine">
		SELECT * FROM cp_jine
		WHERE tikuanje != 0.00 AND userid = #{id}
		AND state IN ('未处理','锁定','处理中')
	</select>

	<!-- 查询今日成功提款次数 -->
	<select id="findJineByStateSuccess"
		resultType="java.lang.Integer">
		SELECT COUNT(id) FROM cp_jine
		WHERE state = '提款成功' AND userid = #{0}
		AND cltime LIKE CONCAT('%',#{1},'%')
	</select>

	<!-- 查询单条记录的信息 -->
	<select id="findByIdJineInfo" resultType="Jine">
		SELECT * FROM cp_jine
		WHERE id = #{id}
	</select>

	<!-- 查询某段时间的记录详情 -->
	<select id="findByTimeDetails" resultType="Jine">
		SELECT * FROM cp_jine
		WHERE
		state IN('充值成功','提款成功','加款成功','扣款成功')
		AND
		cltime LIKE CONCAT('%',#{currTime},'%')
	</select>

	<!-- 查询用户今日的提款次数 -->
	<select id="findByDateUserIdInfo" resultType="Jine">
		SELECT * FROM cp_jine
		WHERE
		userid = #{user_id}
		AND
		sqtime LIKE CONCAT('%',#{date},'%')
	</select>

	<!-- -->
	<select id="getAllJlCounts" resultType="java.lang.Integer">
		SELECT IFNULL(COUNT(id),0) FROM cp_jine
		WHERE
		fukuanje != 0.00
	</select>

	<select id="getTypeJlCounts" resultType="java.lang.Integer">
		SELECT IFNULL(COUNT(id),0) FROM cp_jine
		WHERE
		fukuanje != 0.00
		<if test="z.type!=null and z.type!=''">
			and type = #{z.type}
		</if>
		<if test="z.hydengji!=null and z.hydengji!=''">
			and hydengji = #{z.hydengji}
		</if>
		<if test="z.state!=null and z.state!=''">
			and state = #{z.state}
		</if>
		<if test="z.name!=null and z.name!=''">
			and name = #{z.name}
		</if>
		<if test="z.ordernum!=null and z.ordernum!=''">
			and ordernum = #{z.ordernum}
		</if>
		<if test="date1!=null and date1!='' and date2!=null and date2!=''">
			and sqtime Between #{date1} and
			date_add(#{date2},interval
			1 day)
		</if>
	</select>

	<!-- -->
	<select id="getTikuanJlCounts" resultType="java.lang.Integer">
		SELECT IFNULL(COUNT(id),0) FROM cp_jine
		WHERE
		tikuanje!=0.00
	</select>

	<!-- -->
	<select id="getTikuanTypeJlCounts"
		resultType="java.lang.Integer">
		SELECT IFNULL(COUNT(id),0) FROM cp_jine
		WHERE
		tikuanje!=0.00
		<if test="z.type!=null and z.type!=''">
			and type = #{z.type}
		</if>
		<if test="z.state!=null and z.state!=''">
			and state = #{z.state}
		</if>
		<if test="z.name!=null and z.name!=''">
			and name = #{z.name}
		</if>
		<if test="z.ordernum!=null and z.ordernum!=''">
			and ordernum = #{z.ordernum}
		</if>
		<if test="date1!=null and date1!='' and date2!=null and date2!=''">
			and cltime Between #{date1} and
			date_add(#{date2},interval
			1 day)
		</if>
	</select>

	<!-- -->
	<select id="findMoneyRecordCounts1" resultType="java.lang.Integer">
		SELECT COUNT(id) FROM cp_jine
		WHERE
		userid=#{jine.userid}
		and tikuanje != 0.0
		<if test="jine.ordernum!=null and jine.ordernum!=''">
			and ordernum = #{jine.ordernum}
		</if>
		<if test="jine.beizhu!=null and jine.beizhu!=''">
			and state = #{jine.beizhu}
		</if>
		<if test="jine.sqtime!=null and jine.sqtime!='' and jine.cltime!=null and jine.cltime!=''">
			and cltime Between #{jine.sqtime} and
			date_add(#{jine.cltime},interval 1 day)
		</if>
		ORDER BY id DESC
	</select>

	<!-- -->
	<select id="findMoneyRecordCounts2"
		resultType="java.lang.Integer">
		SELECT COUNT(id) FROM cp_jine
		WHERE
		userid=#{jine.userid}
		and fukuanje != 0.00
		<if test="jine.ordernum!=null and jine.ordernum!=''">
			and ordernum = #{jine.ordernum}
		</if>
		<if test="jine.beizhu!=null and jine.beizhu!=''">
			and type = #{jine.beizhu}
		</if>
		<if test="jine.sqtime!=null and jine.sqtime!='' and jine.cltime!=null and jine.cltime!=''">
			and cltime Between #{jine.sqtime} and
			date_add(#{jine.cltime},interval 1 day)
		</if>
		ORDER BY id DESC
	</select>


	<!-- 根据条件查询个人充值提现记录 -->
	<select id="findMoneyRecord1" resultType="Jine">
		SELECT * FROM cp_jine
		WHERE
		userid=#{jine.userid}
		and tikuanje != 0.0
		<if test="jine.ordernum!=null and jine.ordernum!=''">
			and ordernum = #{jine.ordernum}
		</if>
		<if test="jine.beizhu!=null and jine.beizhu!=''">
			and state = #{jine.beizhu}
		</if>
		<if test="jine.sqtime!=null and jine.sqtime!='' and jine.cltime!=null and jine.cltime!=''">
			and cltime Between #{jine.sqtime} and
			date_add(#{jine.cltime},interval 1 day)
		</if>
		ORDER BY id DESC
		LIMIT #{paging.startIndex},#{paging.lineCount}
	</select>

	<!-- 根据条件查询个人充值提现记录 -->
	<select id="findMoneyRecord2" resultType="Jine">
		SELECT * FROM cp_jine
		WHERE
		userid=#{jine.userid}
		and fukuanje != 0.00
		<if test="jine.ordernum!=null and jine.ordernum!=''">
			and ordernum = #{jine.ordernum}
		</if>
		<if test="jine.beizhu!=null and jine.beizhu!=''">
			and type = #{jine.beizhu}
		</if>
		<if test="jine.sqtime!=null and jine.sqtime!='' and jine.cltime!=null and jine.cltime!=''">
			and cltime Between #{jine.sqtime} and
			date_add(#{jine.cltime},interval 1 day)
		</if>
		ORDER BY id DESC
		LIMIT #{paging.startIndex},#{paging.lineCount}
	</select>

	<!-- 查询提款次数 -->
	<select id="findUserTikuanInfoCounts" resultType="java.lang.Integer">
	SELECT COUNT(id)  FROM cp_jine
	WHERE
		userid=#{userid} 
	AND
		tikuanje != 0.0
	</select>
	
	<!-- 查询提款总计 -->
	<select id="findUserTikuanInfoSumMoney" resultType="java.lang.Double">
	SELECT IFNULL(SUM(tikuanje),0) FROM cp_jine
	WHERE 
		userid=#{userid} 
	AND
		tikuanje != 0.0
	AND 
		state = '提款成功'
	AND 
	to_days(cltime) = to_days(now())
	</select>
	
	<!-- 根据时间查询用户充值金额 -->
	<select id="findByTimeRechargeMoney" resultType="java.lang.Double">
	SELECT IFNULL(SUM(bdjine),0) FROM cp_liushui
	WHERE 
		bdtype IN('在线充值','人工加款')
	AND
		createtime LIKE CONCAT ('%',#{time},'%')
	AND
		userid = #{user_id}
	</select>
	<!-- 查询数据库里面的没有完成的订单 -->
	<select id="payMoney" resultType="PayMoney">
		SELECT * FROM cp_recharge_query WHERE state = 1
	</select>
	
</mapper> 