<?xml version="1.0" encoding="UTF-8"?>
 <!DOCTYPE mapper PUBLIC "-//ibatis.apache.org//DTD Mapper 3.0//EN"      
 "http://ibatis.apache.org/dtd/ibatis-3-mapper.dtd">
<mapper namespace="com.ja.dao.JointMapper">
	<!-- 增加合买订单 -->
	<insert id="insertJoint" parameterType="Joint">
		<selectKey keyProperty="id" order="AFTER" resultType="java.lang.Integer">
			SELECT
			LAST_INSERT_ID()
		</selectKey>
		insert into
		cp_joint(user,zcount,price,rcount,bcount,hcount,hMoney,orderNum,cpname,qihao,createtime,userid,state,fajine,ddstate)
		values
		(#{jo.user},#{jo.zcount},#{jo.price},#{jo.rcount},#{jo.bcount},#{jo.hcount},#{jo.hMoney},#{jo.orderNum},#{jo.cpname},#{jo.qihao},#{jo.createtime},#{jo.userid},#{jo.state},#{jo.fajine},#{jo.ddstate})
	</insert>
	<!-- 查询所有订单号 -->
	<select id="getFindJoint" resultType="String">
		select distinct(orderNum)
		from cp_joint where ddstate != 2 and scount != 0
	</select>
	<!-- 查询所有发起合买的订单 -->
	<select id="getAllJoint" resultType="JointVo">
		select
		o.id,o.cName1,o.cName,
		o.str1,o.str2,o.str3,o.str4,o.str5,o.str6,o.str7,o.str8,o.str9,o.str10,o.str11,o.str12,
		o.str13,o.str14,o.str15,o.str16,o.str17,o.str18,o.str19,o.str20,o.str21,o.str22,o.str23,
		o.str24,o.str25,o.str26,o.str27,o.str28,o.str29,o.str30,o.str31,o.str32,o.str33,o.str34,
		o.str35,o.str36,o.str37,o.str38,o.str39,o.str40,
		o.cplay1,o.cplay2,o.cplay3,o.cplay4,o.cplay5,o.cplay6,o.cplay7,o.cplay8,o.cplay9,o.cplay10,o.cplay11,o.cplay12,
		o.cplay13,o.cplay14,o.cplay15,o.cplay16,o.cplay17,o.cplay18,o.cplay19,o.cplay20,o.cplay21,o.cplay22,o.cplay23,
		o.cplay24,o.cplay25,o.cplay26,o.cplay27,o.cplay28,o.cplay29,o.cplay30,o.cplay31,o.cplay32,o.cplay33,o.cplay34,
		o.cplay35,o.cplay36,o.cplay37,o.cplay38,o.cplay39,o.cplay40,o.state,
		j.user,j.zcount,j.price,j.rcount,j.bcount,
		j.sjbcount,j.scount,j.hcount,j.hMoney,j.zMoney,j.fajine,j.shenglv,j.orderNum,j.cpname,
		j.qihao,j.ddstate,j.tqstate,j.checkNum,j.createtime,j.userid
		from
		cp_joint j,cp_order o where j.orderNum = o.orderNum and o.orderNum =
		#{num}
		and j.rcount != 0 and j.state = 0 order by id desc
	</select>

	<!-- 当前用户所有发起合买的信息 -->
	<select id="getOneJoint" resultType="JointVo">
		select
		o.id,o.cName1,o.cName,
		o.str1,o.str2,o.str3,o.str4,o.str5,o.str6,o.str7,o.str8,o.str9,o.str10,o.str11,o.str12,
		o.str13,o.str14,o.str15,o.str16,o.str17,o.str18,o.str19,o.str20,o.str21,o.str22,o.str23,
		o.str24,o.str25,o.str26,o.str27,o.str28,o.str29,o.str30,o.str31,o.str32,o.str33,o.str34,
		o.str35,o.str36,o.str37,o.str38,o.str39,o.str40,
		o.cplay1,o.cplay2,o.cplay3,o.cplay4,o.cplay5,o.cplay6,o.cplay7,o.cplay8,o.cplay9,o.cplay10,o.cplay11,o.cplay12,
		o.cplay13,o.cplay14,o.cplay15,o.cplay16,o.cplay17,o.cplay18,o.cplay19,o.cplay20,o.cplay21,o.cplay22,o.cplay23,
		o.cplay24,o.cplay25,o.cplay26,o.cplay27,o.cplay28,o.cplay29,o.cplay30,o.cplay31,o.cplay32,o.cplay33,o.cplay34,
		o.cplay35,o.cplay36,o.cplay37,o.cplay38,o.cplay39,o.cplay40,o.state,
		j.user,j.zcount,j.price,j.rcount,j.bcount,
		j.sjbcount,j.scount,j.hcount,j.hMoney,j.zMoney,j.fajine,j.shenglv,j.orderNum,j.cpname,
		j.qihao,j.ddstate,j.tqstate,j.checkNum,j.createtime,j.userid
		from
		cp_joint j,cp_order o where j.orderNum = o.orderNum and o.orderNum =
		#{num} and
		j.userid = #{userid} and j.rcount != 0 order by id desc
	</select>

	<!-- 当前用户所有参与合买的信息 -->
	<select id="getOneJoint1" resultType="JointVo">
		select
		o.id,o.cName1,o.cName,
		o.str1,o.str2,o.str3,o.str4,o.str5,o.str6,o.str7,o.str8,o.str9,o.str10,o.str11,o.str12,
		o.str13,o.str14,o.str15,o.str16,o.str17,o.str18,o.str19,o.str20,o.str21,o.str22,o.str23,
		o.str24,o.str25,o.str26,o.str27,o.str28,o.str29,o.str30,o.str31,o.str32,o.str33,o.str34,
		o.str35,o.str36,o.str37,o.str38,o.str39,o.str40,
		o.cplay1,o.cplay2,o.cplay3,o.cplay4,o.cplay5,o.cplay6,o.cplay7,o.cplay8,o.cplay9,o.cplay10,o.cplay11,o.cplay12,
		o.cplay13,o.cplay14,o.cplay15,o.cplay16,o.cplay17,o.cplay18,o.cplay19,o.cplay20,o.cplay21,o.cplay22,o.cplay23,
		o.cplay24,o.cplay25,o.cplay26,o.cplay27,o.cplay28,o.cplay29,o.cplay30,o.cplay31,o.cplay32,o.cplay33,o.cplay34,
		o.cplay35,o.cplay36,o.cplay37,o.cplay38,o.cplay39,o.cplay40,o.state,
		j.user,j.zcount,j.price,j.rcount,j.bcount,
		j.sjbcount,j.scount,j.hcount,j.hMoney,j.zMoney,j.fajine,j.shenglv,j.orderNum,j.cpname,
		j.qihao,j.ddstate,j.tqstate,j.checkNum,j.createtime,j.userid
		from
		cp_joint j,cp_order o where j.orderNum = o.orderNum and o.orderNum =
		#{num} and
		j.userid = #{userid} and j.hcount != 0 order by id desc
	</select>

	<!-- 查询当前合买订单剩下的份数 -->
	<select id="getScountJoint" resultType="java.lang.Integer">
		select
		scount
		from
		cp_joint
		where orderNum = #{num} order by id desc limit 1
	</select>

	<!--合买失效,实际的合买分数 -->
	<select id="getHfenshu" resultType="java.lang.Integer">
		select
		SUM(hcount)
		from
		cp_joint
		where orderNum = #{orderNum}
	</select>

	<!-- 查询发起和参与的订单号 -->
	<select id="getOrderNum" resultType="java.lang.String">
		select distinct(orderNum)
		from cp_joint where state = #{i}
	</select>

	<!-- 当前订单发起人合买信息 -->
	<select id="getFaqiJoint" resultType="Joint">
		SELECT
		*
		FROM
		cp_joint
		WHERE
		orderNum = #{orderNum}
		AND rcount != 0
	</select>


	<!-- 根据当前订单号查询合买的用户信息 -->
	<select id="getNumJoint" resultType="java.lang.Integer">
		SELECT
		id
		FROM
		cp_joint
		WHERE
		orderNum = #{orderNum}
	</select>

	<!-- 修改订单生效状态 -->
	<update id="upDingDan" parameterType="java.util.List">
		update cp_joint set ddstate = 1 where id IN
		<foreach collection="ids" item="id" index="index" open="("
			separator="," close=")">
			#{id}
		</foreach>
	</update>

	<!-- 修改退钱状态 -->
	<update id="upTuiQian" parameterType="java.util.List">
		update cp_joint set tqstate = 1 where id IN
		<foreach collection="ids" item="id" index="index" open="("
			separator="," close=")">
			#{id}
		</foreach>
	</update>

	<!-- 修改实际保底分数 -->
	<update id="upBaodi">
		update cp_joint set sjbcount =
		#{sjbdfs},hMoney=#{sjine} where id = #{id}
	</update>

	<!-- 修改剩余分数 -->
	<update id="upSyCount">
		update cp_joint set scount = #{scount}
		where userid =
		#{id} and orderNum=#{orderNum}
	</update>

	<!--历史记录 -->
	<select id="getLishiJl" resultType="Joint">
		select
		*
		from
		cp_joint
		where
		checkNum is null
	</select>

	<!--查詢所有发起人 -->
	<select id="chaxunfqr" resultType="Joint">
		SELECT
		DISTINCT(user)
		FROM
		cp_joint
		WHERE
		rcount != 0
	</select>

	<!--查詢所有发起人所有次数 -->
	<select id="chaxunsycs" resultType="java.lang.Integer">
		SELECT
		count(*)
		FROM
		cp_joint
		WHERE
		checkNum is not null and
		user = #{user}
	</select>

	<!--查詢所有发起人中奖次数 -->
	<select id="chaxunzjcs" resultType="java.lang.Integer">
		SELECT
		count(*)
		FROM
		cp_joint
		WHERE
		user = #{user}
		AND zMoney != 0.0
	</select>

	<!--查看有没有参加合买 -->
	<select id="checkhm" resultType="Joint">
		SELECT
		*
		FROM
		cp_joint
		WHERE
		userid =
		#{id}
		AND orderNum = #{orderNum} and hcount != 0 order by id desc limit
		1
	</select>

	<!--某个彩种某期退钱 -->
	<select id="getAllUser" resultType="Joint">
		SELECT
		*
		FROM
		cp_joint
		WHERE
		cpname = #{d.cname}
		AND qihao = #{d.period}
		AND ddstate = 1
	</select>

    <!--官方开奖异常 -->
    <update id="chedan">
     UPDATE cp_joint SET ddstate = #{o.ddstate},tqstate=#{o.tqstate}
     WHERE id = #{o.id}
    </update>


</mapper> 