<?xml version="1.0" encoding="UTF-8"?>
 <!DOCTYPE mapper PUBLIC "-//ibatis.apache.org//DTD Mapper 3.0//EN"      
 "http://ibatis.apache.org/dtd/ibatis-3-mapper.dtd">
<mapper namespace="com.ja.dao.KeFuAutomaticMapper">
	
   <!-- 查询所有的自动回复  -->
	<select id="findAllKeFuAutomatic" resultType="KeFuAutomatic">
	SELECT * FROM cp_kefu_automatic ORDER BY sort
	</select>
	
	<!-- 根据类型查询自动回复 -->
	<select id="findTypeKeFuAutomatic" resultType="KeFuAutomatic">
	SELECT * FROM cp_kefu_automatic 
	WHERE type = #{type}
	ORDER BY sort
	</select>
	
	<!-- 添加客服咨询自动回复 -->
	<insert id="addKeFuAutomatic">
	INSERT INTO cp_kefu_automatic
	(content,type,createTime)
	VALUES
	(#{content},#{type},#{createTime})
	</insert>
	
	<!-- 修改客服咨询自动回复  -->
	<update id="updateKeFuAutomatic">
	UPDATE cp_kefu_automatic SET
	<if test="content!=null">
	content = #{content},
	</if>
	<if test="sort!=null">
	sort = #{sort},
	</if>
	<if test="type!=null">
	type = #{type},
	</if>
	<if test="state!=null">
	state = #{state},
	</if>
	<if test="createTime!=null">
	createTime = #{createTime}
	</if>
	WHERE id = #{id}
	</update>
	
	<!--  删除客服咨询自动回复  -->
	<delete id="deleteKeFuAutomatic">
	DELETE FROM cp_kefu_automatic
	WHERE id = #{id}
	</delete>
	

</mapper> 