<?xml version="1.0" encoding="UTF-8"?>
 <!DOCTYPE mapper PUBLIC "-//ibatis.apache.org//DTD Mapper 3.0//EN"      
 "http://ibatis.apache.org/dtd/ibatis-3-mapper.dtd">
<mapper namespace="com.ja.dao.KeFuQuickMapper">

	<!-- 查询所有的快捷回复  -->
	<select id="findAllKeFuQuick" resultType="KeFuQuick">
	SELECT * FROM cp_kefu_quick ORDER BY id DESC
	</select>
	
	<!-- 根据类型查询快捷回复 -->
	<select id="findTypeKeFuQuick" resultType="KeFuQuick">
	SELECT * FROM cp_kefu_quick 
	WHERE type = #{type}
	ORDER BY id DESC
	</select>
	
	<!-- 根据类型查询快捷回复 -->
	<select id="findLikeContentType" resultType="KeFuQuick">
	SELECT * FROM cp_kefu_quick 
	WHERE
	   type = #{0}
	AND
	  <if test="1==''">
	  content LIKE CONCAT('%','NULL','%') 
	  </if>
	  <if test="1!=''">
	  content LIKE CONCAT('%',#{1},'%') 
	  </if>
	ORDER BY id DESC
	</select>
	
	<!-- 添加客服咨询快捷回复 -->
	<insert id="addKeFuQuick">
	INSERT INTO cp_kefu_quick
	(content,type,createTime)
	VALUES
	(#{content},#{type},#{createTime})
	</insert>
	
	<!-- 修改客服咨询快捷回复  -->
	<update id="updateKeFuQuick">
	UPDATE cp_kefu_quick SET
	<if test="content!=null">
	content = #{content},
	</if>
	<if test="sort!=null">
	sort = #{sort},
	</if>
	<if test="type!=null">
	type = #{type},
	</if>
	<if test="state!=null">
	state = #{state},
	</if>
	<if test="createTime!=null">
	createTime = #{createTime}
	</if>
	WHERE id = #{id}
	</update>
	
	<!--  删除客服咨询快捷回复  -->
	<delete id="deleteKeFuQuick">
	DELETE FROM cp_kefu_quick
	WHERE id = #{id}
	</delete>


</mapper> 