<?xml version="1.0" encoding="UTF-8" ?>
<!DOCTYPE mapper PUBLIC "-//mybatis.org//DTD Mapper 3.0//EN" "mybatis-3-mapper.dtd" >
<mapper namespace="com.ja.dao.KeFuMapper" >

 <!-- 保存客服咨询聊天记录 -->
  <insert id="saveChatRecord">
    INSERT INTO cp_kefu_chat
    (kefu_name,user_name,content,kefu_avatar,user_avatar,kefu_id,user_id,sender,created_time) 
    VALUES
     (#{kefu_name},#{user_name},#{content},#{kefu_avatar},#{user_avatar},#{kefu_id},#{user_id},#{sender},#{created_time})
  </insert>
  
  <!-- 查询客服咨询聊天记录 -->
  <select id="findChatRecord" resultType="KeFuChat" >
  <if test="id==1">
   SELECT * FROM cp_kefu_chat 
   WHERE 
       kefu_id = #{kefu_id}
   AND
       user_id = #{user_id}
  </if>
  <if test="id==2">
   SELECT * FROM cp_kefu_chat 
   WHERE 
   		created_time LIKE CONCAT('%',#{created_time},'%')
	AND
        kefu_id = #{kefu_id}
   AND
       user_id = #{user_id}
  </if>
  </select>
  
  <!-- 根据id查询客服最近联系人 -->
  <select id="findChatLinkman" resultType="KeFuChat" >
  <if test="id==1">
   SELECT c.* FROM(SELECT * FROM cp_kefu_chat 
	WHERE 
		kefu_id = #{kefu_id} 
	AND statu = 1
		ORDER BY id DESC) c
	GROUP BY c.user_id
  </if>
  <if test="id==2">
  SELECT c.* FROM(SELECT * FROM cp_kefu_chat 
	WHERE 
		kefu_id = #{kefu_id} 
	AND 
	 created_time LIKE CONCAT('%',#{created_time},'%')
 	AND statu = 1  
		ORDER BY id DESC) c
	GROUP BY c.user_id
  </if>
  </select>
  
  <!-- 清除最近联系人 -->
  <update id="updateChatStatu">
  UPDATE cp_kefu_chat SET statu = #{statu} 
  WHERE 
  	kefu_id = #{kefu_id} 
  AND 
  	user_id = #{user_id} 
  </update>
  
</mapper>