<?xml version="1.0" encoding="UTF-8" ?>
<!DOCTYPE mapper PUBLIC "-//mybatis.org//DTD Mapper 3.0//EN" "mybatis-3-mapper.dtd" >
<mapper namespace="com.ja.dao.KeyWordsMapper" >
  <select id="selectById" resultType="KeyWords" >
    SELECT id, str, replaceStr, state FROM cp_keywords WHERE id = #{id} and state=1
  </select>
  <select id="selectAll" resultType="KeyWords" >
    SELECT id, str, replaceStr, state FROM cp_keywords WHERE state=1
  </select>
  <insert id="insert" parameterType="com.ja.domain.KeyWords" useGeneratedKeys="true" >
    insert into cp_keywords (str, replaceStr, state) values (#{str}, #{replaceStr},1)
  </insert>
  <update id="delById" parameterType="com.ja.domain.KeyWords" >
    update cp_keywords set state=0 where  `id` = #{id}
  </update>
  <update id="update" parameterType="com.ja.domain.KeyWords" >
    update cp_keywords set str=#{str}, replaceStr=#{replaceStr} where `id` = #{id}
  </update>
</mapper>