<?xml version="1.0" encoding="UTF-8"?>
 <!DOCTYPE mapper PUBLIC "-//ibatis.apache.org//DTD Mapper 3.0//EN"      
 "http://ibatis.apache.org/dtd/ibatis-3-mapper.dtd">
<mapper namespace="com.ja.dao.KongzhiMapper">

	<!--查询下注控制信息-->
	<select id="getAllKongzhi" resultType="Kongzhi">
	 SELECT * FROM cp_kongzhi ORDER BY ID DESC	
	 </select>
	 
	 <!--修改控制数量-->
	 <update id="updateKongzhiCount">
	 UPDATE cp_kongzhi SET kongzhisl = #{kongzhisl} WHERE id = #{id} 
	 </update>
	 
	<!--查询下注控制信息-->
	<select id="getOneKongzhi" resultType="Kongzhi">
	 SELECT * FROM cp_kongzhi WHERE cname = #{cname}
	 </select>
	 
	<!--根据id查询下注控制信息-->
	<select id="getOneKongzhiById" resultType="Kongzhi">
	 SELECT * FROM cp_kongzhi WHERE id = #{id}
	 </select>
	 
   
</mapper> 