<?xml version="1.0" encoding="UTF-8"?>
 <!DOCTYPE mapper PUBLIC "-//ibatis.apache.org//DTD Mapper 3.0//EN"      
 "http://ibatis.apache.org/dtd/ibatis-3-mapper.dtd">
<mapper namespace="com.ja.dao.LiushuiMapper">

	<sql id="temp">
		<where>
			<if test="l.bdtype!=null and l.bdtype!=''">
				and bdtype = #{l.bdtype}
			</if>
			<if test="l.ordernum!=null and l.ordernum!=''">
				and ordernum = #{l.ordernum}
			</if>
			<if test="l.huiyuanzh!=null and l.huiyuanzh!=''">
				and huiyuanzh = #{l.huiyuanzh}
			</if>
			<if test="date1!=null and date1!='' and date2!=null and date2!=''">
				and createtime Between #{date1} and
				date_add(#{date2},interval 1 day)
			</if>
		</where>
	</sql>

	<!-- 添加流水记录 -->
	<insert id="addUserFlowingWaterRecrod" parameterType="Liushui">
		<selectKey keyProperty="id" order="AFTER" resultType="java.lang.Integer">
			SELECT LAST_INSERT_ID()
		</selectKey>
		insert into
		cp_liushui(huiyuanzh,bdtype,bdqjine,bdjine,bdhjine,ordernum,cname,period,createtime,czname,beizhu,state,user_type,userid)
		values
		(#{huiyuanzh},#{bdtype},#{bdqjine},#{bdjine},#{bdhjine},#{ordernum},#{cname},#{period},#{createtime},#{czname},#{beizhu},#{state},#{user_type},#{userid})
	</insert>

	<!-- 根据id查询当前账号的未读流水记录 -->
	<select id="getLiushui" resultType="Liushui">
		SELECT
		*
		FROM
		cp_liushui
		WHERE
		userid = #{userid} 
		ORDER BY
		id DESC
	</select>

	<!-- 查询所有的流水记录 -->
	<select id="getAllJl" resultType="Liushui">
		SELECT
		*
		FROM
		cp_liushui
		ORDER BY id DESC
		<if test="model==1">
		LIMIT #{startIndex},#{lineCount}
		</if>
	</select>

	<!-- 根据条件查询流水记录 -->
	<select id="getTypeJl" resultType="Liushui">
		select * from cp_liushui
		<include refid="temp" />
		ORDER BY id DESC
		<if test="model==1">
		LIMIT #{startIndex},#{lineCount}
		</if>
	</select>

	<!-- 代理下级的流水记录单个 -->
	<select id="getOneLsJl" resultType="Liushui">
		select * from cp_liushui
		where
		userid = #{id}
		<if test="l.bdtype!=null and l.bdtype!=''">
			and bdtype = #{l.bdtype}
		</if>
		<if test="l.ordernum!=null and l.ordernum!=''">
			and ordernum = #{l.ordernum}
		</if>
		<if test="l.huiyuanzh!=null and l.huiyuanzh!=''">
			and huiyuanzh = #{l.huiyuanzh}
		</if>
		<if test="date1!=null and date1!='' and date2!=null and date2!=''">
			and createtime Between #{date1} and
			date_add(#{date2},interval 1 day)
		</if>
		ORDER BY id DESC
	</select>

	<!-- 查询全部反水记录 -->
	<select id="getFanshuiJl" resultType="Liushui">
		SELECT
		*
		FROM
		cp_liushui
		WHERE
		bdtype IN ('每日返水','每月返水')
		ORDER BY id DESC
	</select>

	<!-- 个人反水记录 -->
	<select id="getOneFanshui" resultType="Liushui">
		SELECT
		*
		FROM
		cp_liushui
		WHERE
		bdtype IN ('每日返水','每月返水')
		and userid=#{id}
		ORDER BY id DESC
	</select>

	<!-- 已读流水 -->
	<update id="upliushui">
		update cp_liushui set statu = 1
		where id = #{id} ORDER
		BY id DESC
	</update>

	<!-- 未读流水 -->
	<select id="weidu" resultType="java.lang.Integer">
		select
		IFNULL(count(*),0)
		from
		cp_liushui
		where statu = 0 and userid = #{id} 
		ORDER BY id DESC
	</select>

	<!-- 今日投注收入总计 -->
	<select id="getToday1" resultType="java.lang.Double">
		SELECT
		IFNULL(SUM(bdjine),0)
		FROM
		cp_liushui
		WHERE bdtype IN('彩票投注','合买投注','跟单投注','百家乐投注','足彩投注')
		AND
		TO_DAYS(createtime) = TO_DAYS(#{cre1})
	</select>

	<!-- 今日派奖退钱总计 -->
	<select id="getToday2" resultType="java.lang.Double">
		SELECT
		IFNULL(SUM(bdjine),0)
		FROM
		cp_liushui
		WHERE bdtype
		IN('彩票派奖','合买派奖','跟单派奖','彩票撤单','保底退还','合买失败','官方开奖异常','和局本金退还','足彩派奖','足彩退钱')
		AND
		TO_DAYS(createtime) = TO_DAYS(#{cre1})
	</select>

	<!-- 今日返点总计 -->
	<select id="getToday3" resultType="java.lang.Double">
		SELECT
		IFNULL(SUM(bdjine),0)
		FROM
		cp_liushui
		WHERE bdtype = '代理返点'
		AND TO_DAYS(createtime) =
		TO_DAYS(#{cre1})
	</select>

	<!-- 今日反水总计 -->
	<select id="getToday4" resultType="java.lang.Double">
		SELECT
		IFNULL(SUM(bdjine),0)
		FROM
		cp_liushui
		WHERE bdtype = '每日返水'
		AND TO_DAYS(createtime) =
		TO_DAYS(#{cre1})
	</select>

	<!-- 今日签到 -->
	<select id="getSignInRecord" resultType="Liushui">
		SELECT
		*
		FROM
		cp_liushui
		WHERE bdtype = '每日签到'
		AND userid = #{id}
	</select>

	<!-- 个人今日签到 -->
	<select id="checkSigIn" resultType="Liushui">
		SELECT * FROM cp_liushui
		WHERE
			bdtype = '每日签到'
		AND 
			userid = #{id}
		AND 
			TO_DAYS(createtime) = TO_DAYS(#{date1})
	</select>
	
		<!--签到总计-->
	<select id="checkinTotal" resultType="java.lang.Double">
		SELECT SUM(bdjine) FROM cp_liushui WHERE bdtype = '每日签到' AND userid = #{userid}
	</select>
	
	<!-- 查询聊天记录 -->
	<select id="query" resultType="Lsltjl">
		SELECT * FROM ( SELECT r.*,
		u.`nicheng`, u.avatar FROM cp_redPacket r,cp_user u WHERE r.userid =
		u.id ORDER BY id DESC LIMIT 100 ) dd ORDER BY dd.id ASC
	</select>
	<select id="chax" resultType="User">
		select * from cp_user where
		id=#{userid}
	</select>

	<select id="img" resultType="User">
		select * from cp_user where id in
		<foreach item="list" collection="list" open="(" close=")"
			separator=",">#{list}</foreach>
	</select>
	
	<!-- 查询用户的未读流水 -->
	<select id="getWDLiushui" resultType="Liushui">
	SELECT * FROM cp_liushui
	WHERE userid = #{id}
	AND statu = 0
	ORDER BY id DESC
	<if test="model==1">
	LIMIT #{startIndex},#{lineCount}
	</if>
	</select>
	
	<!-- 查询用户的已读流水 -->
	<select id="getYDLiushui" resultType="Liushui">
	SELECT * FROM cp_liushui
	WHERE userid = #{id}  
	AND statu = 1
	ORDER BY id DESC
	<if test="model==1">  
	LIMIT #{startIndex},#{lineCount}
	</if>
	</select>
	
	<!-- 根据userid删除流水表里面的试玩账号记录 -->
	<delete id="deleteliushui">
		delete from cp_liushui where userid=#{userid}
	</delete>
	
	<!-- 查询某段时间数据详情 -->
	<select id="findByTimeDetails" resultType="Liushui">
	SELECT * FROM cp_liushui
	WHERE createtime LIKE CONCAT('%',#{date},'%')
	</select>
	
	<!-- 查询未读,已读,流水的数量  -->
	<select id="getWDLiushuiCounts" resultType="java.lang.Integer">
	SELECT IFNULL(COUNT(id),0) FROM cp_liushui
	WHERE userid = #{0}
	AND statu = #{1}
	</select>
		
	<!-- 查询所有的流水总数 -->
	<select id="getAllJlCounts" resultType="java.lang.Integer">
			SELECT IFNULL(COUNT(id),0) FROM cp_liushui
	</select>
	
	<!-- 根据类型查询所有的流水详情 -->
	<select id="getTypeJlCounts" resultType="java.lang.Integer">
		SELECT IFNULL(COUNT(id),0) FROM cp_liushui
		<include refid="temp" />
	</select>
	
	<!-- 查询个人流水总数 -->
	<select id="getLiushuiCounts" resultType="java.lang.Integer">
		SELECT COUNT(id) FROM cp_liushui
		WHERE
			userid = #{liushui.userid}
		<if test="liushui.bdtype !=null and liushui.bdtype !=''">
		AND bdtype = #{liushui.bdtype}
		</if> 
		<if test=" liushui.createtime!=null and liushui.createtime !='' and liushui.ordernum !=null and liushui.ordernum !=''">
		AND createtime Between #{liushui.createtime} AND date_add(#{liushui.ordernum},interval 1 day)
		</if> 
		ORDER BY id DESC
	</select>
	
	<!-- 分页查询个人流水详情 -->
	<select id="getLiushuis" resultType="Liushui">
		SELECT * FROM cp_liushui
		WHERE
			userid = #{liushui.userid} 
		<if test="liushui.bdtype !=null and liushui.bdtype !=''">
		AND bdtype = #{liushui.bdtype}
		</if> 
		<if test=" liushui.createtime!=null and liushui.createtime !='' and liushui.ordernum !=null and liushui.ordernum !=''">
		AND createtime Between #{liushui.createtime} AND date_add(#{liushui.ordernum},interval 1 day)
		</if> 
		ORDER BY id DESC
		LIMIT #{paging.startIndex},#{paging.lineCount}
	</select>
	
	<!-- 查询平台的全局报表统计 -->
	<select id="findAllGlobalReport" resultType="java.lang.Double">
	SELECT IFNULL(SUM(bdjine),0) FROM cp_liushui
	WHERE bdtype = #{type}
		<if test="startTime !=null and startTime !='' and endTime !=null and endTime !='' ">
		AND createtime Between #{startTime} AND date_add(#{endTime},interval 1 day)
		</if>
		<if test="userName != null and userName != ''">
		AND huiyuanzh =#{userName}		
		</if>
	</select>
	
	<!-- 查询最近几月的 -->
	<select id="findRecentReport" resultType="java.lang.Double">
		SELECT IFNULL(COUNT(bdjine),0) FROM cp_liushui
		WHERE bdtype = #{type}
		AND createtime LIKE CONCAT('%',#{date},'%')
	</select>
	
	
	
	
	
	
	<!-- 报表管理 -->
	
	<!-- 根据时间和名称查询统计报表管理(全局报表,财务报表,统计概况,运营报表) -->
	<select id="findByUserNameTimeTodayRecord" resultType="com.ja.domain.TodayRecord">
		SELECT 
			t1.amount AS 'cptouzhu',t2.amount AS 'xtctouzhu',t3.amount AS 'cpchedan',t4.amount AS 'xtcchedan',
			t5.amount AS 'cppaijiang',t6.amount AS 'xitcpaijiang',t7.amount AS 'hjtuihuan',t8.amount AS 'tmbfanshui',
			t9.amount AS 'cpyichang',t99.amount AS 'xtcyichang',t10.amount AS 'dmzengjia',t11.amount AS 'dmkouchu',
			t12.amount AS 'mrfanshui',t13.amount AS 'myfanshui',t14.amount AS 'dlfandian', t15.amount AS 'mrqiandao',
			t16.amount AS 'xyzhuanpan',t17.amount AS 'hblingqu',t18.amount AS 'hbkouchu',t19.amount AS 'zczengsong',
			t20.amount AS 'czzengsong',t21.amount AS 'hdzengsong',t22.amount AS 'zxchongzhi',t23.amount AS 'rgjiakuan',
			t24.amount AS 'zxtikuan', t25.amount AS 'rgkoukuan', t26.amount AS 'tkshouxufei',t27.amount AS 'tkshibai',
			t28.amount AS 'sfxtuihuan',t29.amount AS bjltouzhu,t30.amount AS bjlpaijiang 
		FROM 
		(SELECT IFNULL(SUM(bdjine),0) AS 'amount' FROM cp_liushui WHERE bdtype = '彩票投注'  AND user_type = 1
		<if test="userName != '' and userName != null">
			AND huiyuanzh = #{userName} 
		</if>
		AND createtime LIKE CONCAT('%',#{date},'%')) AS t1,
		(SELECT IFNULL(SUM(bdjine),0) AS 'amount' FROM cp_liushui WHERE bdtype = '系统彩投注'   AND user_type = 1 
		<if test="userName != '' and userName != null">
			AND huiyuanzh = #{userName} 
		</if>
		AND createtime LIKE CONCAT('%',#{date},'%')) AS t2,
		(SELECT IFNULL(SUM(bdjine),0) AS 'amount' FROM cp_liushui WHERE bdtype = '彩票撤单'   AND user_type = 1
		<if test="userName != '' and userName != null">
			AND huiyuanzh = #{userName} 
		</if> 
		AND createtime LIKE CONCAT('%',#{date},'%')) AS t3,
		(SELECT IFNULL(SUM(bdjine),0) AS 'amount' FROM cp_liushui WHERE bdtype = '系统彩撤单'   AND user_type = 1
		<if test="userName != '' and userName != null">
			AND huiyuanzh = #{userName} 
		</if>
		 AND createtime LIKE CONCAT('%',#{date},'%')) AS t4,
		(SELECT IFNULL(SUM(bdjine),0) AS 'amount' FROM cp_liushui WHERE bdtype = '彩票派奖'   AND user_type = 1
		<if test="userName != '' and userName != null">
			AND huiyuanzh = #{userName} 
		</if>
		 AND createtime LIKE CONCAT('%',#{date},'%')) AS t5,
		(SELECT IFNULL(SUM(bdjine),0) AS 'amount' FROM cp_liushui WHERE bdtype = '系统彩派奖'   AND user_type = 1
		<if test="userName != '' and userName != null">
			AND huiyuanzh = #{userName} 
		</if>
		 AND createtime LIKE CONCAT('%',#{date},'%')) AS t6,
		(SELECT IFNULL(SUM(bdjine),0) AS 'amount' FROM cp_liushui WHERE bdtype = '和局退还'   AND user_type = 1
		<if test="userName != '' and userName != null">
			AND huiyuanzh = #{userName} 
		</if>
		 AND createtime LIKE CONCAT('%',#{date},'%')) AS t7,
		(SELECT IFNULL(SUM(bdjine),0) AS 'amount' FROM cp_liushui WHERE bdtype = '特码B返水'   AND user_type = 1
		<if test="userName != '' and userName != null">
			AND huiyuanzh = #{userName} 
		</if>
		 AND createtime LIKE CONCAT('%',#{date},'%')) AS t8,
		(SELECT IFNULL(SUM(bdjine),0) AS 'amount' FROM cp_liushui WHERE bdtype = '彩票开奖异常'   AND user_type = 1
		<if test="userName != '' and userName != null">
			AND huiyuanzh = #{userName} 
		</if>
		 AND createtime LIKE CONCAT('%',#{date},'%')) AS t9,
		(SELECT IFNULL(SUM(bdjine),0) AS 'amount' FROM cp_liushui WHERE bdtype = '系统彩开奖异常'   AND user_type = 1
		<if test="userName != '' and userName != null">
			AND huiyuanzh = #{userName} 
		</if>
		 AND createtime LIKE CONCAT('%',#{date},'%')) AS t99,
		(SELECT IFNULL(SUM(bdjine),0) AS 'amount' FROM cp_liushui WHERE bdtype = '打码增加'   AND user_type = 1
		<if test="userName != '' and userName != null">
			AND huiyuanzh = #{userName} 
		</if>
		 AND createtime LIKE CONCAT('%',#{date},'%')) AS t10,
		(SELECT IFNULL(SUM(bdjine),0) AS 'amount' FROM cp_liushui WHERE bdtype = '打码扣除'   AND user_type = 1
		<if test="userName != '' and userName != null">
			AND huiyuanzh = #{userName} 
		</if>
		 AND createtime LIKE CONCAT('%',#{date},'%')) AS t11,
		(SELECT IFNULL(SUM(bdjine),0) AS 'amount' FROM cp_liushui WHERE bdtype = '每日返水'   AND user_type = 1
		<if test="userName != '' and userName != null">
			AND huiyuanzh = #{userName} 
		</if>
		 AND createtime LIKE CONCAT('%',#{date},'%')) AS t12,
		(SELECT IFNULL(SUM(bdjine),0) AS 'amount' FROM cp_liushui WHERE bdtype = '每月返水'   AND user_type = 1
		<if test="userName != '' and userName != null">
			AND huiyuanzh = #{userName} 
		</if>
		 AND createtime LIKE CONCAT('%',#{date},'%')) AS t13,
		(SELECT IFNULL(SUM(bdjine),0) AS 'amount' FROM cp_liushui WHERE bdtype = '代理返点'   AND user_type = 1
		<if test="userName != '' and userName != null">
			AND huiyuanzh = #{userName} 
		</if>
		 AND createtime LIKE CONCAT('%',#{date},'%')) AS t14,
		(SELECT IFNULL(SUM(bdjine),0) AS 'amount' FROM cp_liushui WHERE bdtype = '每日签到'   AND user_type = 1
		<if test="userName != '' and userName != null">
			AND huiyuanzh = #{userName} 
		</if>
		 AND createtime LIKE CONCAT('%',#{date},'%')) AS t15,
		(SELECT IFNULL(SUM(bdjine),0) AS 'amount' FROM cp_liushui WHERE bdtype = '幸运转盘'   AND user_type = 1
		<if test="userName != '' and userName != null">
			AND huiyuanzh = #{userName} 
		</if>
		 AND createtime LIKE CONCAT('%',#{date},'%')) AS t16,
		(SELECT IFNULL(SUM(bdjine),0) AS 'amount' FROM cp_liushui WHERE bdtype = '红包领取'   AND user_type = 1
		<if test="userName != '' and userName != null">
			AND huiyuanzh = #{userName} 
		</if>
		 AND createtime LIKE CONCAT('%',#{date},'%')) AS t17,
		(SELECT IFNULL(SUM(bdjine),0) AS 'amount' FROM cp_liushui WHERE bdtype = '红包扣除'   AND user_type = 1
		<if test="userName != '' and userName != null">
			AND huiyuanzh = #{userName} 
		</if>
		 AND createtime LIKE CONCAT('%',#{date},'%')) AS t18,
		(SELECT IFNULL(SUM(bdjine),0) AS 'amount' FROM cp_liushui WHERE bdtype = '注册赠送'   AND user_type = 1
		<if test="userName != '' and userName != null">
			AND huiyuanzh = #{userName} 
		</if>
		 AND createtime LIKE CONCAT('%',#{date},'%')) AS t19,
		(SELECT IFNULL(SUM(bdjine),0) AS 'amount' FROM cp_liushui WHERE bdtype = '充值赠送'   AND user_type = 1
		<if test="userName != '' and userName != null">
			AND huiyuanzh = #{userName} 
		</if>
		 AND createtime LIKE CONCAT('%',#{date},'%')) AS t20,
		(SELECT IFNULL(SUM(bdjine),0) AS 'amount' FROM cp_liushui WHERE bdtype = '活动赠送'   AND user_type = 1
		<if test="userName != '' and userName != null">
			AND huiyuanzh = #{userName} 
		</if>
		 AND createtime LIKE CONCAT('%',#{date},'%')) AS t21,
		(SELECT IFNULL(SUM(bdjine),0) AS 'amount' FROM cp_liushui WHERE bdtype = '在线充值'   AND user_type = 1
		<if test="userName != '' and userName != null">
			AND huiyuanzh = #{userName} 
		</if>
		 AND createtime LIKE CONCAT('%',#{date},'%')) AS t22,
		(SELECT IFNULL(SUM(bdjine),0) AS 'amount' FROM cp_liushui WHERE bdtype = '人工加款'   AND user_type = 1
		<if test="userName != '' and userName != null">
			AND huiyuanzh = #{userName} 
		</if>
		 AND createtime LIKE CONCAT('%',#{date},'%')) AS t23,
		(SELECT IFNULL(SUM(bdjine),0) AS 'amount' FROM cp_liushui WHERE bdtype = '在线提款'   AND user_type = 1
		<if test="userName != '' and userName != null">
			AND huiyuanzh = #{userName} 
		</if>
		 AND createtime LIKE CONCAT('%',#{date},'%')) AS t24,
		(SELECT IFNULL(SUM(bdjine),0) AS 'amount' FROM cp_liushui WHERE bdtype = '人工扣款'   AND user_type = 1
		<if test="userName != '' and userName != null">
			AND huiyuanzh = #{userName} 
		</if>
		 AND createtime LIKE CONCAT('%',#{date},'%')) AS t25,
		(SELECT IFNULL(SUM(bdjine),0) AS 'amount' FROM cp_liushui WHERE bdtype = '提款手续费'   AND user_type = 1
		<if test="userName != '' and userName != null">
			AND huiyuanzh = #{userName} 
		</if>
		 AND createtime LIKE CONCAT('%',#{date},'%')) AS t26,
		(SELECT IFNULL(SUM(bdjine),0) AS 'amount' FROM cp_liushui WHERE bdtype = '提款失败'   AND user_type = 1
		<if test="userName != '' and userName != null">
			AND huiyuanzh = #{userName} 
		</if>
		 AND createtime LIKE CONCAT('%',#{date},'%')) AS t27,
		(SELECT IFNULL(SUM(bdjine),0) AS 'amount' FROM cp_liushui WHERE bdtype = '手续费退还'   AND user_type = 1
		<if test="userName != '' and userName != null">
			AND huiyuanzh = #{userName} 
		</if>
		 AND createtime LIKE CONCAT('%',#{date},'%')) AS t28,
		(SELECT IFNULL(SUM(bdjine),0) AS 'amount' FROM cp_liushui WHERE bdtype = '百家乐投注'   AND user_type = 1
		<if test="userName != '' and userName != null">
			AND huiyuanzh = #{userName} 
		</if>
		 AND createtime LIKE CONCAT('%',#{date},'%')) AS t29,
		(SELECT IFNULL(SUM(bdjine),0) AS 'amount' FROM cp_liushui WHERE bdtype = '百家乐派奖'   AND user_type = 1
		<if test="userName != '' and userName != null">
			AND huiyuanzh = #{userName} 
		</if>
		 AND createtime LIKE CONCAT('%',#{date},'%')) AS t30
	</select>
		
	<!-- 查询充值提款次数(财务报表) -->
	<select id="findAllFinanceReport" resultType="java.lang.Integer">
	<if test="type==1">
	SELECT IFNULL(COUNT(bdjine),0) FROM cp_liushui
	WHERE bdtype IN('在线充值','人工加款')
		<if test="startTime !=null and startTime !='' and endTime !=null and endTime !='' ">
		AND createtime Between #{startTime} AND date_add(#{endTime},interval 1 day)
		</if>
		<if test="userName != null and userName != ''">
		AND huiyuanzh =#{userName}		
		</if>
	</if>
	<if test="type==2">
	SELECT IFNULL(COUNT(bdjine),0) FROM cp_liushui
	WHERE bdtype IN('在线提款','人工扣款')
		<if test="startTime !=null and startTime !='' and endTime !=null and endTime !='' ">
		AND createtime Between #{startTime} AND date_add(#{endTime},interval 1 day)
		</if>
		<if test="userName != null and userName != ''">
		AND huiyuanzh =#{userName}		
		</if>
	</if>
	</select>
	
	<!-- 查询用户和平台昨天的总计(统计情况) -->
	<select id="findByUserIdTimeTodayRecord" resultType="com.ja.domain.TodayRecord">
		<if test="type==2">
		SELECT 
			t1.amount AS 'cptouzhu',t2.amount AS 'xtctouzhu',t3.amount AS 'cpchedan',t4.amount AS 'xtcchedan',
			t5.amount AS 'cppaijiang',t6.amount AS 'xitcpaijiang',t7.amount AS 'hjtuihuan',t8.amount AS 'tmbfanshui',
			t9.amount AS 'cpyichang',t99.amount AS 'xtcyichang',t10.amount AS 'dmzengjia',t11.amount AS 'dmkouchu',
			t12.amount AS 'mrfanshui',t13.amount AS 'myfanshui',t14.amount AS 'dlfandian', t15.amount AS 'mrqiandao',
			t16.amount AS 'xyzhuanpan',t17.amount AS 'hblingqu',t18.amount AS 'hbkouchu',t19.amount AS 'zczengsong',
			t20.amount AS 'czzengsong',t21.amount AS 'hdzengsong',t22.amount AS 'zxchongzhi',t23.amount AS 'rgjiakuan',
			t24.amount AS 'zxtikuan', t25.amount AS 'rgkoukuan', t26.amount AS 'tkshouxufei',t27.amount AS 'tkshibai',
			t28.amount AS 'sfxtuihuan',t29.amount AS 'bjltouzhu',t30.amount AS 'bjlpaijiang' 
		FROM 
		(SELECT IFNULL(SUM(bdjine),0) AS 'amount' FROM cp_liushui WHERE bdtype = '彩票投注'  AND userid = #{user_id} AND createtime LIKE CONCAT('%',#{date},'%')) AS t1,
		(SELECT IFNULL(SUM(bdjine),0) AS 'amount' FROM cp_liushui WHERE bdtype = '系统彩投注'  AND userid = #{user_id} AND createtime LIKE CONCAT('%',#{date},'%')) AS t2,
		(SELECT IFNULL(SUM(bdjine),0) AS 'amount' FROM cp_liushui WHERE bdtype = '彩票撤单'  AND userid = #{user_id} AND createtime LIKE CONCAT('%',#{date},'%')) AS t3,
		(SELECT IFNULL(SUM(bdjine),0) AS 'amount' FROM cp_liushui WHERE bdtype = '系统彩撤单'  AND userid = #{user_id} AND createtime LIKE CONCAT('%',#{date},'%')) AS t4,
		(SELECT IFNULL(SUM(bdjine),0) AS 'amount' FROM cp_liushui WHERE bdtype = '彩票派奖'  AND userid = #{user_id} AND createtime LIKE CONCAT('%',#{date},'%')) AS t5,
		(SELECT IFNULL(SUM(bdjine),0) AS 'amount' FROM cp_liushui WHERE bdtype = '系统彩派奖'  AND userid = #{user_id} AND createtime LIKE CONCAT('%',#{date},'%')) AS t6,
		(SELECT IFNULL(SUM(bdjine),0) AS 'amount' FROM cp_liushui WHERE bdtype = '和局退还'  AND userid = #{user_id} AND createtime LIKE CONCAT('%',#{date},'%')) AS t7,
		(SELECT IFNULL(SUM(bdjine),0) AS 'amount' FROM cp_liushui WHERE bdtype = '特码B返水'  AND userid = #{user_id} AND createtime LIKE CONCAT('%',#{date},'%')) AS t8,
		(SELECT IFNULL(SUM(bdjine),0) AS 'amount' FROM cp_liushui WHERE bdtype = '彩票开奖异常'  AND userid = #{user_id} AND createtime LIKE CONCAT('%',#{date},'%')) AS t9,
		(SELECT IFNULL(SUM(bdjine),0) AS 'amount' FROM cp_liushui WHERE bdtype = '系统彩开奖异常'  AND userid = #{user_id} AND createtime LIKE CONCAT('%',#{date},'%')) AS t99,
		(SELECT IFNULL(SUM(bdjine),0) AS 'amount' FROM cp_liushui WHERE bdtype = '打码增加'  AND userid = #{user_id} AND createtime LIKE CONCAT('%',#{date},'%')) AS t10,
		(SELECT IFNULL(SUM(bdjine),0) AS 'amount' FROM cp_liushui WHERE bdtype = '打码扣除'  AND userid = #{user_id} AND createtime LIKE CONCAT('%',#{date},'%')) AS t11,
		(SELECT IFNULL(SUM(bdjine),0) AS 'amount' FROM cp_liushui WHERE bdtype = '每日返水'  AND userid = #{user_id} AND createtime LIKE CONCAT('%',#{date},'%')) AS t12,
		(SELECT IFNULL(SUM(bdjine),0) AS 'amount' FROM cp_liushui WHERE bdtype = '每月返水'  AND userid = #{user_id} AND createtime LIKE CONCAT('%',#{date},'%')) AS t13,
		(SELECT IFNULL(SUM(bdjine),0) AS 'amount' FROM cp_liushui WHERE bdtype = '代理返点'  AND userid = #{user_id} AND createtime LIKE CONCAT('%',#{date},'%')) AS t14,
		(SELECT IFNULL(SUM(bdjine),0) AS 'amount' FROM cp_liushui WHERE bdtype = '每日签到'  AND userid = #{user_id} AND createtime LIKE CONCAT('%',#{date},'%')) AS t15,
		(SELECT IFNULL(SUM(bdjine),0) AS 'amount' FROM cp_liushui WHERE bdtype = '幸运转盘'  AND userid = #{user_id} AND createtime LIKE CONCAT('%',#{date},'%')) AS t16,
		(SELECT IFNULL(SUM(bdjine),0) AS 'amount' FROM cp_liushui WHERE bdtype = '红包领取'  AND userid = #{user_id} AND createtime LIKE CONCAT('%',#{date},'%')) AS t17,
		(SELECT IFNULL(SUM(bdjine),0) AS 'amount' FROM cp_liushui WHERE bdtype = '红包扣除'  AND userid = #{user_id} AND createtime LIKE CONCAT('%',#{date},'%')) AS t18,
		(SELECT IFNULL(SUM(bdjine),0) AS 'amount' FROM cp_liushui WHERE bdtype = '注册赠送'  AND userid = #{user_id} AND createtime LIKE CONCAT('%',#{date},'%')) AS t19,
		(SELECT IFNULL(SUM(bdjine),0) AS 'amount' FROM cp_liushui WHERE bdtype = '充值赠送'  AND userid = #{user_id} AND createtime LIKE CONCAT('%',#{date},'%')) AS t20,
		(SELECT IFNULL(SUM(bdjine),0) AS 'amount' FROM cp_liushui WHERE bdtype = '活动赠送'  AND userid = #{user_id} AND createtime LIKE CONCAT('%',#{date},'%')) AS t21,
		(SELECT IFNULL(SUM(bdjine),0) AS 'amount' FROM cp_liushui WHERE bdtype = '在线充值'  AND userid = #{user_id} AND createtime LIKE CONCAT('%',#{date},'%')) AS t22,
		(SELECT IFNULL(SUM(bdjine),0) AS 'amount' FROM cp_liushui WHERE bdtype = '人工加款'  AND userid = #{user_id} AND createtime LIKE CONCAT('%',#{date},'%')) AS t23,
		(SELECT IFNULL(SUM(bdjine),0) AS 'amount' FROM cp_liushui WHERE bdtype = '在线提款'  AND userid = #{user_id} AND createtime LIKE CONCAT('%',#{date},'%')) AS t24,
		(SELECT IFNULL(SUM(bdjine),0) AS 'amount' FROM cp_liushui WHERE bdtype = '人工扣款'  AND userid = #{user_id} AND createtime LIKE CONCAT('%',#{date},'%')) AS t25,
		(SELECT IFNULL(SUM(bdjine),0) AS 'amount' FROM cp_liushui WHERE bdtype = '提款手续费'  AND userid = #{user_id} AND createtime LIKE CONCAT('%',#{date},'%')) AS t26,
		(SELECT IFNULL(SUM(bdjine),0) AS 'amount' FROM cp_liushui WHERE bdtype = '提款失败'  AND userid = #{user_id} AND createtime LIKE CONCAT('%',#{date},'%')) AS t27,
		(SELECT IFNULL(SUM(bdjine),0) AS 'amount' FROM cp_liushui WHERE bdtype = '手续费退还'  AND userid = #{user_id} AND createtime LIKE CONCAT('%',#{date},'%')) AS t28,
		(SELECT IFNULL(SUM(bdjine),0) AS 'amount' FROM cp_liushui WHERE bdtype = '百家乐投注'  AND userid = #{user_id} AND createtime LIKE CONCAT('%',#{date},'%')) AS t29,
		(SELECT IFNULL(SUM(bdjine),0) AS 'amount' FROM cp_liushui WHERE bdtype = '百家乐派奖'  AND userid = #{user_id} AND createtime LIKE CONCAT('%',#{date},'%')) AS t30
		</if>
		<if test="type==1">
		SELECT
			t1.amount AS 'cptouzhu',t2.amount AS 'xtctouzhu',t3.amount AS 'cpchedan',t4.amount AS 'xtcchedan',
			t5.amount AS 'cppaijiang',t6.amount AS 'xitcpaijiang',t7.amount AS 'hjtuihuan',t8.amount AS 'tmbfanshui',
			t9.amount AS 'cpyichang',t99.amount AS 'xtcyichang',t10.amount AS 'dmzengjia',t11.amount AS 'dmkouchu',
			t12.amount AS 'mrfanshui',t13.amount AS 'myfanshui',t14.amount AS 'dlfandian', t15.amount AS 'mrqiandao',
			t16.amount AS 'xyzhuanpan',t17.amount AS 'hblingqu',t18.amount AS 'hbkouchu',t19.amount AS 'zczengsong',
			t20.amount AS 'czzengsong',t21.amount AS 'hdzengsong',t22.amount AS 'zxchongzhi',t23.amount AS 'rgjiakuan',
			t24.amount AS 'zxtikuan', t25.amount AS 'rgkoukuan', t26.amount AS 'tkshouxufei',t27.amount AS 'tkshibai',
			t28.amount AS 'sfxtuihuan',t29.amount AS 'bjltouzhu',t30.amount AS 'bjlpaijiang' 
		FROM 
		(SELECT IFNULL(SUM(bdjine),0) AS 'amount' FROM cp_liushui WHERE bdtype = '彩票投注'   AND user_type = 1 AND createtime LIKE CONCAT('%',#{date},'%')) AS t1,
		(SELECT IFNULL(SUM(bdjine),0) AS 'amount' FROM cp_liushui WHERE bdtype = '系统彩投注'  AND user_type = 1  AND createtime LIKE CONCAT('%',#{date},'%')) AS t2,
		(SELECT IFNULL(SUM(bdjine),0) AS 'amount' FROM cp_liushui WHERE bdtype = '彩票撤单'  AND user_type = 1  AND createtime LIKE CONCAT('%',#{date},'%')) AS t3,
		(SELECT IFNULL(SUM(bdjine),0) AS 'amount' FROM cp_liushui WHERE bdtype = '系统彩撤单'  AND user_type = 1  AND createtime LIKE CONCAT('%',#{date},'%')) AS t4,
		(SELECT IFNULL(SUM(bdjine),0) AS 'amount' FROM cp_liushui WHERE bdtype = '彩票派奖'  AND user_type = 1  AND createtime LIKE CONCAT('%',#{date},'%')) AS t5,
		(SELECT IFNULL(SUM(bdjine),0) AS 'amount' FROM cp_liushui WHERE bdtype = '系统彩派奖'   AND user_type = 1 AND createtime LIKE CONCAT('%',#{date},'%')) AS t6,
		(SELECT IFNULL(SUM(bdjine),0) AS 'amount' FROM cp_liushui WHERE bdtype = '和局退还'  AND user_type = 1  AND createtime LIKE CONCAT('%',#{date},'%')) AS t7,
		(SELECT IFNULL(SUM(bdjine),0) AS 'amount' FROM cp_liushui WHERE bdtype = '特码B返水'  AND user_type = 1  AND createtime LIKE CONCAT('%',#{date},'%')) AS t8,
		(SELECT IFNULL(SUM(bdjine),0) AS 'amount' FROM cp_liushui WHERE bdtype = '彩票开奖异常'  AND user_type = 1  AND createtime LIKE CONCAT('%',#{date},'%')) AS t9,
		(SELECT IFNULL(SUM(bdjine),0) AS 'amount' FROM cp_liushui WHERE bdtype = '系统彩开奖异常'  AND user_type = 1  AND createtime LIKE CONCAT('%',#{date},'%')) AS t99,
		(SELECT IFNULL(SUM(bdjine),0) AS 'amount' FROM cp_liushui WHERE bdtype = '打码增加'  AND user_type = 1  AND createtime LIKE CONCAT('%',#{date},'%')) AS t10,
		(SELECT IFNULL(SUM(bdjine),0) AS 'amount' FROM cp_liushui WHERE bdtype = '打码扣除'  AND user_type = 1  AND createtime LIKE CONCAT('%',#{date},'%')) AS t11,
		(SELECT IFNULL(SUM(bdjine),0) AS 'amount' FROM cp_liushui WHERE bdtype = '每日返水'  AND user_type = 1  AND createtime LIKE CONCAT('%',#{date},'%')) AS t12,
		(SELECT IFNULL(SUM(bdjine),0) AS 'amount' FROM cp_liushui WHERE bdtype = '每月返水'  AND user_type = 1  AND createtime LIKE CONCAT('%',#{date},'%')) AS t13,
		(SELECT IFNULL(SUM(bdjine),0) AS 'amount' FROM cp_liushui WHERE bdtype = '代理返点'  AND user_type = 1  AND createtime LIKE CONCAT('%',#{date},'%')) AS t14,
		(SELECT IFNULL(SUM(bdjine),0) AS 'amount' FROM cp_liushui WHERE bdtype = '每日签到'  AND user_type = 1  AND createtime LIKE CONCAT('%',#{date},'%')) AS t15,
		(SELECT IFNULL(SUM(bdjine),0) AS 'amount' FROM cp_liushui WHERE bdtype = '幸运转盘'  AND user_type = 1  AND createtime LIKE CONCAT('%',#{date},'%')) AS t16,
		(SELECT IFNULL(SUM(bdjine),0) AS 'amount' FROM cp_liushui WHERE bdtype = '红包领取'  AND user_type = 1  AND createtime LIKE CONCAT('%',#{date},'%')) AS t17,
		(SELECT IFNULL(SUM(bdjine),0) AS 'amount' FROM cp_liushui WHERE bdtype = '红包扣除'  AND user_type = 1  AND createtime LIKE CONCAT('%',#{date},'%')) AS t18,
		(SELECT IFNULL(SUM(bdjine),0) AS 'amount' FROM cp_liushui WHERE bdtype = '注册赠送'  AND user_type = 1  AND createtime LIKE CONCAT('%',#{date},'%')) AS t19,
		(SELECT IFNULL(SUM(bdjine),0) AS 'amount' FROM cp_liushui WHERE bdtype = '充值赠送'  AND user_type = 1  AND createtime LIKE CONCAT('%',#{date},'%')) AS t20,
		(SELECT IFNULL(SUM(bdjine),0) AS 'amount' FROM cp_liushui WHERE bdtype = '活动赠送'  AND user_type = 1  AND createtime LIKE CONCAT('%',#{date},'%')) AS t21,
		(SELECT IFNULL(SUM(bdjine),0) AS 'amount' FROM cp_liushui WHERE bdtype = '在线充值'  AND user_type = 1  AND createtime LIKE CONCAT('%',#{date},'%')) AS t22,
		(SELECT IFNULL(SUM(bdjine),0) AS 'amount' FROM cp_liushui WHERE bdtype = '人工加款'  AND user_type = 1  AND createtime LIKE CONCAT('%',#{date},'%')) AS t23,
		(SELECT IFNULL(SUM(bdjine),0) AS 'amount' FROM cp_liushui WHERE bdtype = '在线提款'  AND user_type = 1  AND createtime LIKE CONCAT('%',#{date},'%')) AS t24,
		(SELECT IFNULL(SUM(bdjine),0) AS 'amount' FROM cp_liushui WHERE bdtype = '人工扣款'  AND user_type = 1  AND createtime LIKE CONCAT('%',#{date},'%')) AS t25,
		(SELECT IFNULL(SUM(bdjine),0) AS 'amount' FROM cp_liushui WHERE bdtype = '提款手续费'  AND user_type = 1  AND createtime LIKE CONCAT('%',#{date},'%')) AS t26,
		(SELECT IFNULL(SUM(bdjine),0) AS 'amount' FROM cp_liushui WHERE bdtype = '提款失败'  AND user_type = 1  AND createtime LIKE CONCAT('%',#{date},'%')) AS t27,
		(SELECT IFNULL(SUM(bdjine),0) AS 'amount' FROM cp_liushui WHERE bdtype = '手续费退还'  AND user_type = 1  AND createtime LIKE CONCAT('%',#{date},'%')) AS t28,
		(SELECT IFNULL(SUM(bdjine),0) AS 'amount' FROM cp_liushui WHERE bdtype = '百家乐投注'  AND user_type = 1  AND createtime LIKE CONCAT('%',#{date},'%')) AS t29,
		(SELECT IFNULL(SUM(bdjine),0) AS 'amount' FROM cp_liushui WHERE bdtype = '百家乐派奖'  AND user_type = 1  AND createtime LIKE CONCAT('%',#{date},'%')) AS t30
		</if>
	</select>
	
	<!--  查询用户每天-每月的充值总计  -->
	<select id="findByTimeUserRechargeTotal" resultType="TodayRecord">
	SELECT 
			t1.amount AS 'zxchongzhi',t2.amount AS 'rgjiakuan',t3.amount AS 'zxtikuan',t4.amount AS 'rgkoukuan'
		FROM 
		(SELECT IFNULL(SUM(bdjine),0) AS 'amount' FROM cp_liushui WHERE bdtype = '在线充值' 
		AND userid = #{user_id} 
		AND createtime LIKE CONCAT('%',#{date1},'%')) AS t1,
		(SELECT IFNULL(SUM(bdjine),0) AS 'amount' FROM cp_liushui WHERE bdtype = '人工加款' 
		AND userid = #{user_id} 
		AND createtime LIKE CONCAT('%',#{date1},'%')) AS t2,
		(SELECT IFNULL(SUM(bdjine),0) AS 'amount' FROM cp_liushui WHERE bdtype = '在线充值' 
		AND userid = #{user_id} 
		AND createtime LIKE CONCAT('%',#{date2},'%')) AS t3,
		(SELECT IFNULL(SUM(bdjine),0) AS 'amount' FROM cp_liushui WHERE bdtype = '人工加款' 
		AND userid = #{user_id} 
		AND createtime LIKE CONCAT('%',#{date2},'%')) AS t4
	</select>
	
		<!-- 同时根据多名用户id查询代理下级总计 -->
		<select id="findByIdTimeTodayRecord" resultType="com.ja.domain.TodayRecord">
		SELECT 
			t1.amount AS 'cptouzhu',t2.amount AS 'xtctouzhu',t3.amount AS 'cpchedan',t4.amount AS 'xtcchedan',
			t5.amount AS 'cppaijiang',t6.amount AS 'xitcpaijiang',t7.amount AS 'hjtuihuan',t8.amount AS 'tmbfanshui',
			t9.amount AS 'cpyichang',t99.amount AS 'xtcyichang',t10.amount AS 'dmzengjia',t11.amount AS 'dmkouchu',
			t12.amount AS 'mrfanshui',t13.amount AS 'myfanshui',t14.amount AS 'dlfandian', t15.amount AS 'mrqiandao',
			t16.amount AS 'xyzhuanpan',t17.amount AS 'hblingqu',t18.amount AS 'hbkouchu',t19.amount AS 'zczengsong',
			t20.amount AS 'czzengsong',t21.amount AS 'hdzengsong',t22.amount AS 'zxchongzhi',t23.amount AS 'rgjiakuan',
			t24.amount AS 'zxtikuan', t25.amount AS 'rgkoukuan', t26.amount AS 'tkshouxufei',t27.amount AS 'tkshibai',
			t28.amount AS 'sfxtuihuan',t29.amount AS bjltouzhu,t30.amount AS bjlpaijiang 
		FROM 
		(SELECT IFNULL(SUM(bdjine),0) AS 'amount' FROM cp_liushui WHERE bdtype = '彩票投注' 
		AND userid IN (${ids}) 
		AND createtime LIKE CONCAT('%',#{date},'%')) AS t1,
		(SELECT IFNULL(SUM(bdjine),0) AS 'amount' FROM cp_liushui WHERE bdtype = '系统彩投注' 
		AND userid IN (${ids}) 
		AND createtime LIKE CONCAT('%',#{date},'%')) AS t2,
		(SELECT IFNULL(SUM(bdjine),0) AS 'amount' FROM cp_liushui WHERE bdtype = '彩票撤单' 
		AND userid IN (${ids}) 
		AND createtime LIKE CONCAT('%',#{date},'%')) AS t3,
		(SELECT IFNULL(SUM(bdjine),0) AS 'amount' FROM cp_liushui WHERE bdtype = '系统彩撤单' 
		AND userid IN (${ids}) 
		 AND createtime LIKE CONCAT('%',#{date},'%')) AS t4,
		(SELECT IFNULL(SUM(bdjine),0) AS 'amount' FROM cp_liushui WHERE bdtype = '彩票派奖' 
		AND userid IN (${ids}) 
		 AND createtime LIKE CONCAT('%',#{date},'%')) AS t5,
		(SELECT IFNULL(SUM(bdjine),0) AS 'amount' FROM cp_liushui WHERE bdtype = '系统彩派奖' 
		AND userid IN (${ids}) 
		 AND createtime LIKE CONCAT('%',#{date},'%')) AS t6,
		(SELECT IFNULL(SUM(bdjine),0) AS 'amount' FROM cp_liushui WHERE bdtype = '和局退还' 
		AND userid IN (${ids}) 
		 AND createtime LIKE CONCAT('%',#{date},'%')) AS t7,
		(SELECT IFNULL(SUM(bdjine),0) AS 'amount' FROM cp_liushui WHERE bdtype = '特码B返水' 
		AND userid IN (${ids}) 
		 AND createtime LIKE CONCAT('%',#{date},'%')) AS t8,
		(SELECT IFNULL(SUM(bdjine),0) AS 'amount' FROM cp_liushui WHERE bdtype = '彩票开奖异常' 
		AND userid IN (${ids}) 
		 AND createtime LIKE CONCAT('%',#{date},'%')) AS t9,
		(SELECT IFNULL(SUM(bdjine),0) AS 'amount' FROM cp_liushui WHERE bdtype = '系统彩开奖异常' 
		AND userid IN (${ids}) 
		 AND createtime LIKE CONCAT('%',#{date},'%')) AS t99,
		(SELECT IFNULL(SUM(bdjine),0) AS 'amount' FROM cp_liushui WHERE bdtype = '打码增加' 
		AND userid IN (${ids}) 
		 AND createtime LIKE CONCAT('%',#{date},'%')) AS t10,
		(SELECT IFNULL(SUM(bdjine),0) AS 'amount' FROM cp_liushui WHERE bdtype = '打码扣除' 
		AND userid IN (${ids}) 
		 AND createtime LIKE CONCAT('%',#{date},'%')) AS t11,
		(SELECT IFNULL(SUM(bdjine),0) AS 'amount' FROM cp_liushui WHERE bdtype = '每日返水' 
		AND userid IN (${ids}) 
		 AND createtime LIKE CONCAT('%',#{date},'%')) AS t12,
		(SELECT IFNULL(SUM(bdjine),0) AS 'amount' FROM cp_liushui WHERE bdtype = '每月返水' 
		AND userid IN (${ids}) 
		 AND createtime LIKE CONCAT('%',#{date},'%')) AS t13,
		(SELECT IFNULL(SUM(bdjine),0) AS 'amount' FROM cp_liushui WHERE bdtype = '代理返点' 
		AND userid IN (${ids}) 
		 AND createtime LIKE CONCAT('%',#{date},'%')) AS t14,
		(SELECT IFNULL(SUM(bdjine),0) AS 'amount' FROM cp_liushui WHERE bdtype = '每日签到' 
		AND userid IN (${ids}) 
		 AND createtime LIKE CONCAT('%',#{date},'%')) AS t15,
		(SELECT IFNULL(SUM(bdjine),0) AS 'amount' FROM cp_liushui WHERE bdtype = '幸运转盘' 
		AND userid IN (${ids}) 
		 AND createtime LIKE CONCAT('%',#{date},'%')) AS t16,
		(SELECT IFNULL(SUM(bdjine),0) AS 'amount' FROM cp_liushui WHERE bdtype = '红包领取' 
		AND userid IN (${ids}) 
		 AND createtime LIKE CONCAT('%',#{date},'%')) AS t17,
		(SELECT IFNULL(SUM(bdjine),0) AS 'amount' FROM cp_liushui WHERE bdtype = '红包扣除' 
		AND userid IN (${ids}) 
		 AND createtime LIKE CONCAT('%',#{date},'%')) AS t18,
		(SELECT IFNULL(SUM(bdjine),0) AS 'amount' FROM cp_liushui WHERE bdtype = '注册赠送' 
		AND userid IN (${ids}) 
		 AND createtime LIKE CONCAT('%',#{date},'%')) AS t19,
		(SELECT IFNULL(SUM(bdjine),0) AS 'amount' FROM cp_liushui WHERE bdtype = '充值赠送' 
		AND userid IN (${ids}) 
		 AND createtime LIKE CONCAT('%',#{date},'%')) AS t20,
		(SELECT IFNULL(SUM(bdjine),0) AS 'amount' FROM cp_liushui WHERE bdtype = '活动赠送' 
		AND userid IN (${ids}) 
		 AND createtime LIKE CONCAT('%',#{date},'%')) AS t21,
		(SELECT IFNULL(SUM(bdjine),0) AS 'amount' FROM cp_liushui WHERE bdtype = '在线充值' 
		AND userid IN (${ids}) 
		 AND createtime LIKE CONCAT('%',#{date},'%')) AS t22,
		(SELECT IFNULL(SUM(bdjine),0) AS 'amount' FROM cp_liushui WHERE bdtype = '人工加款' 
		AND userid IN (${ids}) 
		 AND createtime LIKE CONCAT('%',#{date},'%')) AS t23,
		(SELECT IFNULL(SUM(bdjine),0) AS 'amount' FROM cp_liushui WHERE bdtype = '在线提款' 
		AND userid IN (${ids}) 
		 AND createtime LIKE CONCAT('%',#{date},'%')) AS t24,
		(SELECT IFNULL(SUM(bdjine),0) AS 'amount' FROM cp_liushui WHERE bdtype = '人工扣款' 
		AND userid IN (${ids}) 
		 AND createtime LIKE CONCAT('%',#{date},'%')) AS t25,
		(SELECT IFNULL(SUM(bdjine),0) AS 'amount' FROM cp_liushui WHERE bdtype = '提款手续费' 
		AND userid IN (${ids}) 
		 AND createtime LIKE CONCAT('%',#{date},'%')) AS t26,
		(SELECT IFNULL(SUM(bdjine),0) AS 'amount' FROM cp_liushui WHERE bdtype = '提款失败' 
		AND userid IN (${ids}) 
		 AND createtime LIKE CONCAT('%',#{date},'%')) AS t27,
		(SELECT IFNULL(SUM(bdjine),0) AS 'amount' FROM cp_liushui WHERE bdtype = '手续费退还' 
		AND userid IN (${ids}) 
		 AND createtime LIKE CONCAT('%',#{date},'%')) AS t28,
		(SELECT IFNULL(SUM(bdjine),0) AS 'amount' FROM cp_liushui WHERE bdtype = '百家乐投注' 
		AND userid IN (${ids}) 
		 AND createtime LIKE CONCAT('%',#{date},'%')) AS t29,
		(SELECT IFNULL(SUM(bdjine),0) AS 'amount' FROM cp_liushui WHERE bdtype = '百家乐派奖' 
		AND userid IN (${ids}) 
		 AND createtime LIKE CONCAT('%',#{date},'%')) AS t30
	</select>
	
	
	<!-- test -->
	<select id="findWaterData" resultType="Liushui">
	SELECT id,userid FROM cp_liushui
	WHERE user_type IS NULL
	</select>
	
	<update id="updateWaterData">
	UPDATE cp_liushui SET user_type = #{user_type}
	WHERE id = #{id} 
	</update>
	
</mapper> 