<?xml version="1.0" encoding="UTF-8"?>
<!DOCTYPE mapper PUBLIC "-//ibatis.apache.org//DTD Mapper 3.0//EN"      
 "http://ibatis.apache.org/dtd/ibatis-3-mapper.dtd">
<mapper namespace="com.ja.dao.LotteryMapper">

	<!-- 修改彩种的各种设置信息 -->
	<update id="updateLotterySetupInfo">
	UPDATE cp_lotter SET
	<if test="type != null">
		type = #{type},
	</if>
	<if test="types != null">
		types = #{types},
	</if>
	<if test="des != null">
		des = #{des},
	</if>
	<if test="whetherOrNotToCode != null">
		whetherOrNotToCode = #{whetherOrNotToCode},
	</if>
	<if test="state != null">
		state = #{state},
	</if>
		id = id 
	WHERE id = #{id}
	</update>

	<!-- 查询开奖号 -->
	<select id="inquir" resultType="com.ja.domain.Data">
		select * from cp_data where
		cName=#{cName} and period=#{period}
	</select>
	<!-- 插入开奖号 -->
	<update id="updataawardnumber">
		update cp_data set lotterNumber=#{lotterNumber} where
		cName=#{cName} and period=#{period}
	</update>
	<!-- 查询赔率 -->

	<!-- 查询彩种的已开启彩种的 赔率-开奖时间-期号-开奖号码 -->
	<select id="getAllLotters" resultType="LotterExample">
		SELECT l.*, dd.* FROM
		cp_lotter l, (SELECT d.* FROM
		( SELECT * FROM cp_data
		WHERE
			lotterNumber IS NOT NULL AND touzhuzt = '已结束'
		ORDER BY id DESC
		) d
		GROUP BY d.cName
		) AS dd
		WHERE
		l.cname = dd.cName
	</select>

	<!-- 查询彩种的已开启彩种的 赔率-开奖时间-期号-开奖号码 -->
	<select id="getAllLotters1" resultType="Data">
		SELECT l.type as 'classify',l.state as 'colorStatus', dd.* FROM
		cp_lotter l, (SELECT d.* FROM
		( SELECT * FROM cp_data
		WHERE
			lotterNumber IS NOT NULL AND touzhuzt = '已结束'
		ORDER BY id DESC
		) d
		GROUP BY d.cName
		) AS dd
		WHERE
		l.cname = dd.cName
	</select>

	<!-- 根据彩种名称查询当前彩种的赔率以及上期开奖时间 -->
	<select id="getLotterByCname" resultType="LotterExample">
		SELECT l.*,dd.* FROM
		cp_lotter l,(SELECT d.* from (SELECT *
		FROM cp_data WHERE lotterNumber IS NOT NULL AND touzhuzt = '已结束'
		ORDER BY id DESC) d
		GROUP BY d.cName) as dd
		WHERE
		l.cname=dd.cName and l.cname=#{cName}
	</select>

	<select id="getLotterById" resultType="Lotter">
		select * from cp_lotter
		where id=#{lotterid}
	</select>

	<select id="getAllLotter" resultType="Lotter">
		SELECT * FROM cp_lotter
		WHERE state != 2
	</select>

	<update id="delLotter" parameterType="java.lang.Integer">
		update cp_lotter set
		state=0 where id=#{id}
	</update>

	<update id="resetLotter" parameterType="java.lang.Integer">
		update cp_lotter set
		state=1 where id=#{id}
	</update>

	<select id="getTimeSpace" resultType="String">
		select timespace from
		cp_lotter where cname=#{cname}

	</select>

	<!-- bjpk10彩种赔率默认显示 -->
	<select id="getBjpk10" resultType="Lotter">
		select * from cp_lotter
	</select>

	<!-- 根据彩种英文名查询彩种开奖时间 -->
	<select id="getByCname" resultType="Lotter">
		select timespace from
		cp_lotter where cname=#{cname}
	</select>

	<!-- 开启或关闭彩种 -->
	<update id="updatecz" parameterType="java.lang.Integer">
		update cp_lotter set
		state=#{state} where id=#{id}
	</update>

	<!-- 根据彩种彩种名称查询彩种信息 -->
	<select id="getCzxinxi" resultType="Lotter">
		select * from cp_lotter where
		cname = #{name}
	</select>

	<!--根据玩法来查询当前彩种单个玩法的赔率 -->
	<select id="getLotterPlay" resultType="Lotter">
		select #{cname} from
		cp_lotter where id=#{id}
	</select>

	<!-- 修改彩种的玩法的赔率 -->
	<update id="upczpv">
		update cp_lotter set ${l.rename} = #{l.rebate1}
		where
		id = #{l.id}
	</update>

	<!--系统彩彩种 -->
	<select id="xitongcaicz" resultType="Lotter">
		select * from cp_lotter 
		where types = 1 
	</select>

	<!--每天已经开了多少期 -->
	<update id="updateCounts">
		UPDATE cp_lotter set alreadyCount= #{l.c2}
		where cname
		= #{name}
	</update>

	<select id="xglhc" resultType="LotterExample">
		select
		id,cName,gameNameInChinese,lotterTime,period,lotterNumber,
		playResult,nextStopOrderTimeEpoch,paijtime,touzhuzt,type,xg6hcstate
		from cp_data where cName = 'xg6hc'
		and
		xg6hcstate = #{xg6hcstate}
	</select>

	<select id="xg6hczx" resultType="java.lang.Integer">
		SELECT
		IFNULL(MIN(xg6hcstate), 0)
		FROM
		cp_data
		WHERE
		cName = #{cname}
		AND state IS NULL
	</select>
	<select id="xg6hczd" resultType="java.lang.Integer">
		SELECT
		IFNULL(max(xg6hcstate), 0)
		FROM
		cp_data
		WHERE
		cName = #{cname}
	</select>
	<!-- 分页查询 -->
	<select id="getPageData" resultType="Order">
		select * from cp_order where
		userId=#{userId} limit #{pageindex},#{row}
	</select>
	<!-- 全部 -->
	<select id="getTotalrecord" resultType="java.lang.Integer">
		select count(*) from
		cp_order where userId=#{userId}
	</select>
	<!-- 全部 -->
	<delete id="userdelete">
		delete from cp_order where huiyuanzh=#{name} and
		period=#{period}
	</delete>
	
	<!-- 删除用户的投注信息 -->
	<delete id="iddelete">
		delete from cp_order where id=#{id}
	</delete>

	<!-- 修改重庆时时彩开奖时间差 -->
	<update id="updateTimespace">
		UPDATE cp_lotter SET 
			timespace =#{timespace}
		WHERE
			cname = 'cqssc'
	</update>
	
	<select id="getAlloter" resultType="com.ja.domain.Lotter">
		select * from cp_lotter
	</select>
	
	<!-- 修改彩种打码开启和关闭 -->
	<update id="updatestate">
		update  cp_lotter set whetherOrNotToCode = #{state} where id=#{id}
	</update>
	
	<!-- 查询彩种名称查询彩种信息 -->
	<select id="findLotterByCname" resultType="Lotter">
	SELECT * FROM cp_lotter
	WHERE cname = #{cname}
	</select>
	
	<!-- 查询所有彩种的开启状态  -->
	<select id="findAllLotteryState" resultType="Lotter">
	SELECT cname,state FROM cp_lotter
	</select>
	
	<!-- 查询彩种名和彩种状态  就只单独的查询了在两个  -->
	<select id="colorVariety" resultType="ColorVariety">
		SELECT cname,state FROM cp_lotter
	</select>
	
	<!--  查询彩种的分类 -->
	<select id="findSameTypeLottery" resultType="Lotter">
		SELECT cname,zoushitu FROM cp_lotter
	</select>
	<!-- 根据彩种的名称查询这个彩种的赔率以及开奖数据 -->
	<select id="syLotterrs" resultType="LotterExample">
		SELECT l.*, dd.* FROM
		cp_lotter l, (SELECT d.* FROM
		( SELECT * FROM cp_data
		WHERE
			lotterNumber IS NOT NULL AND touzhuzt = '已结束' AND cname = #{cname}
		ORDER BY id DESC
		) d
		GROUP BY d.cName
		) AS dd
		WHERE
		l.cname = dd.cName
	</select>
</mapper>