<?xml version="1.0" encoding="UTF-8" ?>
<!DOCTYPE mapper PUBLIC "-//ibatis.apache.org//DTD Mapper 3.0//EN"
"http://ibatis.apache.org/dtd/ibatis-3-mapper.dtd">
<mapper namespace="com.ja.dao.LuckyRecordMapper">

	<!-- 添加抽奖记录 -->
	<insert id="addLuckyRecord">
		INSERT INTO cp_lucky_record
		(name,type,money,scope,createTime,userid)
		VALUES(#{o.name},#{o.type},#{o.money},#{o.scope},#{o.createTime},#{o.userid})
	</insert>

	<!-- 根据id查询抽奖记录 -->
	<select id="getOneLuckyRecord" resultType="LuckyRecord">
		SELECT 
		id,name,type,money,scope,createTime,userid 
		FROM cp_lucky_record
		WHERE userid = #{id}
		AND money != 0
		ORDER BY id DESC
	</select>
	
	<!-- 查询所有的操作记录 -->
    <select id="getAllLuckyRecord" resultType="LuckyRecord">
    SELECT 
    id,name,type,money,scope,createTime,userid
    FROM cp_lucky_record
	ORDER BY id DESC    
    </select>
    
	<!-- 查询5tiao操作记录 -->
    <select id="getMathLuckyRecord" resultType="LuckyRecord">
    SELECT 
    id,name,type,money,scope,createTime,userid
    FROM cp_lucky_record
    WHERE money != 0
    ORDER BY id DESC 
    LIMIT 5
    </select>

</mapper>