<?xml version="1.0" encoding="UTF-8" ?>
<!DOCTYPE mapper PUBLIC "-//mybatis.org//DTD Mapper 3.0//EN" "mybatis-3-mapper.dtd" >
<mapper namespace="com.ja.dao.LuckyCountMapper">

	<!--添加会员的抽奖信息 -->
	<insert id="addLuckyCount">
		INSERT INTO cp_lucky_count
		(name,count,createTime,userid)
		values
		(#{c.name},#{c.count},#{c.createTime},#{c.userid})
	</insert>

	<!-- 查询用户的抽奖次数 -->
	<select id="getOneLuckyCount" resultType="LuckyCount">
		SELECT
		id,name,count,createTime,userid
		FROM cp_lucky_count
		WHERE userid = #{id}
	</select>

	<!-- 修改用户的抽奖次数 -->
	<update id="updateLuckyCount">
		UPDATE cp_lucky_count SET
		count = #{c.count},createTime=#{c.createTime}
		WHERE id = #{c.id}
	</update>
	<!-- 根据用户名修改用户的抽奖次数 -->
	<update id="updateyaojiang">
		UPDATE cp_lucky_count SET
		count = #{counts.count},createTime=#{counts.createTime}
		WHERE name = #{counts.name}
	</update>
	
	<!-- 根据用户名查询用户的抽奖次数 -->
	<select id="inquiringUsersNumberOfAwards" resultType="LuckyCount">
		SELECT
		id,name,count,createTime,userid
		FROM cp_lucky_count
		WHERE name = #{name}
	</select>
	
	<!--查询全部用户的抽奖次数 -->
	<select id="frequency" resultType="LuckyCount">
		SELECT
		id,name,count,createTime,userid
		FROM cp_lucky_count
	</select>
</mapper>