<?xml version="1.0" encoding="UTF-8" ?>
<!DOCTYPE mapper PUBLIC "-//mybatis.org//DTD Mapper 3.0//EN" "mybatis-3-mapper.dtd" >
<mapper namespace="com.ja.dao.OperationlogMapper">

	<!-- 添加操作日志 -->
	<insert id="addOperationlog">
		INSERT INTO cp_operationlog
		(name,operationtype,remarks,operationtime,time)
		VALUES(#{o.name},#{o.operationtype},#{o.remarks},#{o.operationtime},#{o.time})
	</insert>

	<!-- 查询所有的操作记录 -->
	<select id="getAllOperationlog" resultType="Operationlog">
		SELECT id,name,operationtype,remarks,operationtime,time FROM
		cp_operationlog
	</select>

	<!--根据条件查询操作记录 -->
	<select id="findOperationlog" resultType="Operationlog">
		SELECT id,name,operationtype,remarks,operationtime,time FROM
		cp_operationlog
		<where>
			<if test="o.operationtime!='' and o.operationtime!=null">
				operationtype = #{o.operationtype}
			</if>
			<if test="o.time!='' and o.time!=null">
				AND time = #{o.time}
			</if>
		</where>
	</select>

	<!-- 删除操作记录 -->
	<delete id="delOperationlog">
		DELETE FROM cp_operationlog
		WHERE id = #{id}
	</delete>

</mapper>