<?xml version="1.0" encoding="UTF-8"?>
<!DOCTYPE mapper PUBLIC "-//ibatis.apache.org//DTD Mapper 3.0//EN"      
 "http://ibatis.apache.org/dtd/ibatis-3-mapper.dtd">
<mapper namespace="com.ja.dao.OrderMapper">

	<!-- 增加下注订单 -->
	<insert id="awards" parameterType="Order" useGeneratedKeys="true" keyProperty="id">
		INSERT INTO
		cp_order(huiyuanzh,cName,cName1,str1,str2,str3,str4,str5,str6,str7,str8,str9,str10,str11,str12,str13,str14,str15,str16,str17,str18,str19,str20,str21,str22,str23,str24,str25,str26,str27,str28,str29,str30,str31,str32,str33,str34,str35,str36,str37,str38,str39,str40,count1,count2,count3,count4,count5,count6,count7,count8,count9,count10,count11,count12,count13,count14,count15,count16,count17,count18,count19,count20,count21,count22,count23,count24,count25,count26,count27,count28,count29,count30,count31,count32,count33,count34,count35,count36,count37,count38,count39,count40,
		cplay1,cplay2,cplay3,cplay4,cplay5,cplay6,cplay7,cplay8,cplay9,cplay10,cplay11,cplay12,cplay13,cplay14,cplay15,cplay16,cplay17,cplay18,cplay19,cplay20,cplay21,cplay22,cplay23,cplay24,cplay25,cplay26,cplay27,cplay28,cplay29,cplay30,cplay31,cplay32,cplay33,cplay34,cplay35,cplay36,cplay37,cplay38,cplay39,cplay40,acount,lottermoney,orderNum,orderDate,state,lotterid,userId,period,lotterCount,ocount,odds,rebate)
		vALUES
		(#{huiyuanzh},#{cname},#{cname1},#{str1},#{str2},#{str3},#{str4},#{str5},#{str6},#{str7},#{str8},#{str9},#{str10},#{str11},#{str12},#{str13},#{str14},#{str15},#{str16},#{str17},#{str18},#{str19},#{str20},#{str21},#{str22},#{str23},#{str24},#{str25},#{str26},#{str27},#{str28},#{str29},#{str30},#{str31},#{str32},#{str33},#{str34},#{str35},#{str36},#{str37},#{str38},#{str39},#{str40},#{count1},#{count2},#{count3},#{count4},#{count5},#{count6},#{count7},#{count8},#{count9},#{count10},#{count11},
		#{count12},#{count13},#{count14},#{count15},#{count16},#{count17},#{count18},#{count19},#{count20},#{count21},#{count22},#{count23},#{count24},#{count25},#{count26},#{count27},#{count28},#{count29},#{count30},#{count31},#{count32},#{count33},#{count34},#{count35},#{count36},#{count37},#{count38},#{count39},#{count40},#{cplay1},#{cplay2},#{cplay3},#{cplay4},#{cplay5},#{cplay6},#{cplay7},#{cplay8},#{cplay9},#{cplay10},#{cplay11},#{cplay12},#{cplay13},#{cplay14},#{cplay15},#{cplay16},#{cplay17},
		#{cplay18},#{cplay19},#{cplay20},#{cplay21},#{cplay22},#{cplay23},#{cplay24},#{cplay25},#{cplay26},#{cplay27},#{cplay28},#{cplay29},#{cplay30},#{cplay31},#{cplay32},#{cplay33},#{cplay34},#{cplay35},#{cplay36},#{cplay37},#{cplay38},#{cplay39},#{cplay40},#{acount},#{lottermoney},#{ordernum},#{orderdate},1,#{lotterid},#{userid},#{period},#{lottercount},#{ocount},#{odds},#{rebate})
	</insert>
	
	<!-- 根据id查询个人的订单详情 -->
	<select id="findByIdOrderInfo" resultType="Order">
		SELECT * FROM cp_order
		WHERE
			id = #{order_id}
	</select>
	
	<!-- 修改投注订单撤单状态 -->
	<update id="cancelOrder">
		UPDATE cp_order SET state=#{state}
		WHERE id = #{id}
	</update>
	
	<select id="getMyOrdersAll" resultType="Order">
		select
		id,huiyuanzh,cName,cName1,str1,str2,str3,str4,str5,str6,str7,str8,str9,str10,str11,str12,str13,str14,str15,
		str16,str17,str18,str19,str20,str21,str22,str23,str24,str25,str26,str27,str28,str29,str30,str31,str32,str33,
		str34,str35,str36,str37,str38,str39,str40,cplay1,cplay2,cplay3,cplay4,cplay5,cplay6,cplay7,cplay8,cplay9,
		cplay10,cplay11,cplay12,cplay13,cplay14,cplay15,cplay16,cplay17,cplay18,cplay19,cplay20,cplay21,cplay22,
		cplay23,cplay24,cplay25,cplay26,cplay27,cplay28,cplay29,cplay30,cplay31,cplay32,cplay33,cplay34,cplay35,
		cplay36,cplay37,cplay38,cplay39,cplay40,orderNum,orderDate,state,lotterNum,lotterTime,lotterCount,
		lotterMoney,goalNum,acount,odds,rebate,goalMoney,tcplay,period,ocount,lotterid,userId,money1,money2,
		money3,money4,money5,money6,money7
		from cp_order where
		state!=0 and
		userid=#{id}
		Order BY id DESC
		<if test="i==0">
			limit 20
		</if>
	</select>


	<!-- 查询个人订单 已付款-全部 -->
	<select id="getMyOrders" resultType="Order">
		select * from cp_order where
		state!=0 and
		userid=#{id}
		<if test="cname!=null and cname!=''">
			and cName=#{cname}
		</if>
		order by id desc
	</select>

	<!-- 查询个人订单 待开奖 -->
	<select id="getMyOrdersdkj" resultType="Order">
		select * from cp_order
		where
		userid=#{id} and state=1
		<if test="cname!=null and cname!=''">
			and cName=#{cname}
		</if>
		order by id desc
	</select>

	<!-- 查询个人订单 已撤单 -->
	<select id="getMyOrdersycd" resultType="Order">
		select * from cp_order
		where
		userid=#{id} and state=7
		<if test="cname!=null and cname!=''">
			and cName=#{cname}
		</if>
		order by id desc
	</select>

	<!-- 查询个人订单 已开奖 -->
	<select id="getMyOrdersykj" resultType="Order">
		SELECT
		*
		FROM
		cp_order
		WHERE
		state IN (2, 3)
		AND userid = #{id}
		<if test="cname!=null and cname!=''">
			and cName=#{cname}
		</if>
		order by id desc
	</select>

	<!-- 查询个人订单 已中奖 -->
	<select id="getMyOrdersyzj" resultType="Order">
		select * from cp_order
		where userid=#{id} and state=3
		<if test="cname!=null and cname!=''">
			and cName=#{cname}
		</if>
		order by id desc
	</select>

	<!-- 合买成功,订单生效 -->
	<update id="awards2" parameterType="Order">
		update cp_order set
		state=#{o.state},odds=#{o.odds} where id=#{o.id}
	</update>

	<!-- 删除订单 -->
	<update id="delOrderById" parameterType="java.lang.Integer">
		update cp_order set
		state=0 where id=#{id}
	</update>

	<select id="getOrdersByUid" resultType="java.lang.Integer">
		select count(*) from
		cp_order where orderDate like CONCAT('%',#{date},'%') and userId =
		#{o.userid} and cname=#{o.cname} and cplay=#{o.cplay} and state=1
		order by id desc limit 1;
	</select>

	<!-- 根据条件查询单个用户的订单 -->
	<select id="getOrder" resultType="Order">
		select * from cp_order where
		orderDate like CONCAT('%',#{date},'%') and userId = #{o.userid} and
		cname=#{o.cname} and cplay=#{o.cplay} order by id desc limit 1;
	</select>

	<!-- 查询所有的订单详情 -->
	<select id="getAllJl" resultType="Order">
		SELECT
		*
		FROM
		cp_order
		ORDER BY
		id DESC
	</select>

	<!-- 根据条件查询所有的订单详情 -->
	<select id="getMhAllJl" resultType="Order">
		SELECT * FROM cp_order
			WHERE odds = 1
		<if test="state != null and state !=''">
			and state=#{state}
		</if>
		<if test="period != null and period != ''">
			and period=#{period}
		</if>
		<if test="cname != null and cname != ''">
			 and cName=#{cname}
		</if>
		<if test="huiyuanzh != null and huiyuanzh != ''">
			and huiyuanzh= #{huiyuanzh}			
		</if>
		<!-- <if test="date != null and date!=''">
			AND orderDate LIKE CONCAT('%',#{date},'%') 
		</if> -->
		<if test=" date1 !=null and date1 !='' and date2 !=null and date2 !=''">
			AND orderDate BETWEEN #{date1} AND DATE_ADD(#{date2},INTERVAL 1 DAY)
		</if>
		ORDER BY id DESC
		<if test="model==1">
		LIMIT #{startIndex},#{lineCount}
		</if>
	</select>

	<!-- 查询香港六合彩的订单详情 -->
	<select id="getLiuheJl" resultType="Order">
		select * from cp_order where
		cName='xg6hc' order by id desc
	</select>

	<!-- 根据条件查询香港六合彩的订单详情 -->
	<select id="getMhLiuheJl" resultType="Order">
		select * from cp_order
		where
		cName='xg6hc'
		<if test="o.huiyuanzh!=null and o.huiyuanzh!=''">
			and huiyuanzh like concat('%',#{o.huiyuanzh},'%') </if>

		<if test="o.state!=null and o.state!=''">
			and state like concat('%',#{o.state},'%')
		</if>

		<if test="o.cname1!=null and o.cname1!=''">
			and cName1 like concat('%',#{o.cname1},'%')
		</if>

		<if test="o.period!=null and o.period!=''">
			and period like concat('%',#{o.period},'%')
		</if>

		<if test="o.ordernum!=null and o.ordernum!=''">
			and orderNum like concat('%',#{o.ordernum},'%')
		</if>
		<if test="date1!=null and date1!='' and date2!=null and date2!=''">
			and createtime Between #{date1} and
			DATE_ADD(#{date2},INTERVAL 1 DAY)
		</if>
		order by id desc
	</select>

	<!-- 彩种分类 -->
	<select id="fenleiorder" resultType="Order">
		SELECT
			cp_order.cName,cp_order.cName1
		FROM
			cp_order
		WHERE
			cp_order.userId = #{id} 
		AND
			cp_order.state != 0
		GROUP BY
			cp_order.cName
	</select>

	<!-- 当期下注总额 -->
	<select id="getOrderSum" resultType="java.lang.Double">
		SELECT IFNULL(SUM(rebate),0) FROM cp_order
		WHERE
			cName=#{cname} 
		AND 
			period = #{period}
	</select>

	<!-- 中奖情况 -->
	<select id="getzjdata" resultType="Order">
		SELECT
		*
		FROM
		cp_order
		WHERE
		goalmoney > 1 order by id desc limit 20
	</select>

	<!-- 下注情况 -->
	<select id="getxzdata" resultType="Order">
		SELECT
		*
		FROM
		cp_order
		WHERE
		cName=#{cname}
		order by id desc limit 20
	</select>


	<!-- 下注情况 -->
	<select id="getxzdatas" resultType="Orders">
		SELECT
		huiyuanzh,cname1,acount
		FROM
		cp_order
		WHERE
		cName=#{cname}
		order by id desc limit 20
	</select>



	<!-- 前5单中奖情况 -->
	<select id="getCheckMoney" resultType="java.lang.Integer">
		SELECT
		COUNT(c.id)
		FROM
		(
		SELECT
		*
		FROM
		cp_order
		WHERE
		userid = #{id}
		LIMIT #{b}
		) c
		WHERE
		c.goalMoney !=
		0.00
		AND odds = 3
		AND TO_DAYS(c.orderdate) = TO_DAYS(NOW())
	</select>

	<!-- 个人中奖情况 -->
	<select id="getAllCheckMoney" resultType="java.lang.Integer">
		SELECT
		COUNT(id)
		FROM
		cp_order
		WHERE
		goalMoney != 0.00
		AND odds = 3
		AND userId = #{id}
		AND
		TO_DAYS(orderdate) = TO_DAYS(NOW())
	</select>

	<!-- 个人发起跟单次数 -->
	<select id="getTouZhuCount" resultType="java.lang.Integer">
		SELECT
		COUNT(id)
		FROM
		cp_order
		WHERE
		odds = 3
		AND userId = #{id}
		AND TO_DAYS(orderdate) =
		TO_DAYS(#{times})
		AND lotterNum IS NOT NULL
	</select>

	<!-- 彩种当期下注用户 -->
	<select id="getOrderUser" resultType="Order">
		SELECT * FROM cp_order
		WHERE
		cName=#{d.cname}
		AND
		period=#{d.period}
		AND state = 1
		AND odds = 1
	</select>

	<!--删除某个时间段的订单 -->
	<delete id="delOrders">
		DELETE
		FROM
		cp_order
		WHERE
		orderDate LIKE concat(#{date},
		'%')
	</delete>

	<!--单条订单 -->
	<select id="getOneOrder" resultType="Order">
		SELECT
		*
		FROM
		cp_order
		WHERE
		id=#{id}
	</select>

	<!--每个彩种的打码量 -->
	<select id="getCnameDama" resultType="Order">
		SELECT IFNULL(SUM(acount),0) AS acount, cName1 FROM cp_order
		WHERE
			orderDate LIKE CONCAT('%', #{time}, '%')
		AND 
			userId = #{id}
		AND 
			ocount = 1
		AND 
			state IN(1,2,3)
		GROUP BY cName1
	</select>
	
	<!-- 查询开奖订单信息 -->
	<select id="findCheckOrder" resultType="Order">
	select o.id,o.cName1,o.lotterCount,o.odds,o.huiyuanzh,o.orderNum,o.lotterMoney,o.acount,o.rebate,o.userId,o.str1,o.str2,o.str3,o.str4,o.str5,o.str6,o.str7,o.str8,o.str9,o.str10,o.str11,o.str12,
	o.str13,o.str14,o.str15,o.str16,o.str17,o.str18,o.str19,o.str20,o.str21,o.str22,o.str23,o.str24,o.str25,o.str26,o.str27,o.str28,o.str29,o.str30,o.str31,o.str32,
	o.str33,o.str34,o.str35,o.str36,o.str37,o.str38,o.str39,o.str40,o.count1,o.count2,o.count4,o.count5,o.count7,o.count10,o.count39,l.*,d.lotterNumber,o.cName,o.period,
	d.lotterTime  from cp_order o,cp_lotter l,cp_data d  where o.period = d.period and o.lotterid = l.id and o.lotterNum is null and o.cName = d.cName and o.state=1
	and d.period= #{period} and d.cName= #{cname} 
	</select>
	
	<!-- 修改开奖后的订单信息 -->
	<update id="updateCheckInfo" parameterType="Order">
	 update cp_order set 
	 money1=#{money1},money2=#{money2},money3=#{money3},money4=#{money4},money5=#{money5},money6=#{money6},money7=#{money7},money8=#{money8},money9=#{money9},
	 money10=#{money10}, money11=#{money11},money12=#{money12},money13=#{money13},money14=#{money14},money15=#{money15},money16=#{money16},money17=#{money17},money18=#{money18},
	 money19=#{money19},money20=#{money20},money21=#{money21},money22=#{money22},money23=#{money23},money24=#{money24},money25=#{money25},money26=#{money26},
	 money27=#{money27},money28=#{money28},money29=#{money29},money30=#{money30},money31=#{money31},money32=#{money32},money33=#{money33},money34=#{money34},
	 money35=#{money35},money36=#{money36},money37=#{money37},money38=#{money38},money39=#{money39},money40=#{money40},goalMoney=#{goalmoney},lotterNum=#{lotternum},
	 lotterTime=#{lottertime},state=#{state} where id = #{id}
	</update>
	
	<!-- 更新和局中奖玩法 -->
	<update id="updateReturnCheckMoney">
	UPDATE cp_order SET tcplay =#{tcPlay} WHERE id = #{id}
	</update>
	
	<!-- 查询已开奖的投注总和 -->
	<select id="findCheckState" resultType="java.lang.Double">
		SELECT
		IFNULL(SUM(acount),0)
		FROM
		cp_order
		WHERE
		state IN (2, 3)
		AND userid = #{id}
	</select>
	
	<!-- 查询已开奖的投注详情 -->
	<select id="findByTimeDetails" resultType="Order">
		SELECT * FROM cp_order
		WHERE
		     lotterTime LIKE CONCAT('%',#{date},'%')
	</select>
	
	<!-- 查询用户相关的订单信息 -->
	<select id="findMyOrders" resultType="Order"> 
	SELECT * FROM cp_order   
	WHERE odds = 1 
	AND userid = #{id}
	<if test="state!=10">
		<if test="state==7">
		AND state IN(7,8)
		</if>
		<if test="state==3">
		AND state IN(3,6)
		</if>
		<if test="state!=3 and state!=7">
		AND state = #{state}
		</if>
	</if>
	<if test="cname!=null and cname!=''">
	AND cname = #{cname}
	</if>
	ORDER BY id DESC
	<if test="model==1">
	LIMIT #{startIndex},#{lineCount}
	</if>
	</select>
	
	<select id="getMhAllJlCounts" resultType="java.lang.Integer">
	SELECT IFNULL(COUNT(id),0) FROM cp_order
			WHERE odds = 1
		<if test="order.state != null and order.state !=''">
			and state=#{order.state}
		</if>
		<if test="order.period != null and order.period != ''">
			and period=#{order.period}
		</if>
		<if test="order.cname != null and order.cname != ''">
			 and cName=#{order.cname}
		</if>
		<if test="order.huiyuanzh != null and order.huiyuanzh != ''">
			and huiyuanzh= #{order.huiyuanzh}			
		</if>
	<!-- 	<if test="lottertime != null and lottertime!=''">
			AND orderDate LIKE CONCAT('%',#{lottertime},'%') 
		</if> -->
		<if test=" date1 !=null and date1 !='' and date2 !=null and date2 !=''">
			AND orderDate BETWEEN #{date1} AND DATE_ADD(#{date2},INTERVAL 1 DAY)
		</if>
	</select>
	
	<!--  -->
	<select id="findMyOrdersCounts" resultType="java.lang.Integer">
		SELECT IFNULL(COUNT(id),0) FROM cp_order   
		WHERE odds = 1 
		AND userid = #{userid}
		<if test="state!=10">
			<if test="state==7">
			AND state IN(7,8)
			</if>
			<if test="state==3">
			AND state IN(3,6)
			</if>
			<if test="state!=3 and state!=7">
			AND state = #{state}
			</if>
		</if>
		<if test="cname!=null and cname!=''">
		AND cname = #{cname}
		</if>
	</select>
	
	<!-- 查询用户当期下注的信息 -->
	<select id="Inquiries" resultType="Order">
		SELECT * FROM cp_order WHERE period = #{period} AND cName=#{cName}
	</select>
	
	<!-- 查询相应的投注人数  -->
	<select id="findOrderNumberCount" resultType="java.lang.Integer">
	SELECT IFNULL(COUNT(c.userId),0) FROM(  
		  SELECT DISTINCT(userId) FROM cp_order
		  <if test="type==-1">
		  WHERE 
				lotterTime Between #{startTime} 
			AND 
				date_add(#{endTime},interval 1 day)
		  </if>
		  <if test="type==-2">
		  WHERE
		  		userId IN (${ids})
		  	 AND
		  		lotterTime Between #{startTime} AND date_add(#{endTime},interval 1 day)
		  </if>
			) c 
	</select>
	
	<!-- 根据id删除用户的订单信息 -->
	<delete id="deleteOrderInfo">
		DELETE FROM cp_order 
		WHERE userid= #{userid}
	</delete>
	
</mapper>