<?xml version="1.0" encoding="UTF-8"?>
 <!DOCTYPE mapper PUBLIC "-//ibatis.apache.org//DTD Mapper 3.0//EN"      
 "http://ibatis.apache.org/dtd/ibatis-3-mapper.dtd">
<mapper namespace="com.ja.dao.PlayCountMapper">

	<!--查询当前这一期有没有下注 -->
	<select id="getCplay" resultType="PlayCount">
		SELECT
		*
		FROM
		cp_play_count
		WHERE
		cplay=#{p.cplay}
		AND period = #{p.period}
		AND cname = #{p.cname}
	</select>

	<!--添加下注人数以及金额 -->
	<insert id="addPlayCount">
		INSERT INTO
		cp_play_count(
		<if test="p.cname!=null and p.cname!=''">
			cname
		</if>
		<if test="p.period!=null and p.period!=''">
			,period
		</if>
		<if test="p.cplay!=null and p.cplay!=''">
			,cplay
		</if>
		<if test="p.count!=null and p.count!=''">
			,count
		</if>
		<if test="p.price!=null and p.price!=''">
			,price
		</if>
		<if test="p.rebate!=null and p.rebate!=''">
			,rebate
		</if>
		<if test="p.payMoney!=null and p.payMoney!=''">
			,payMoney
		</if>
		<if test="p.createTime!=null and p.createTime!=''">
			,createTime
		</if>
		<if test="p.d1q!=null and p.d1q!=''">
			,d1q
		</if>
		<if test="p.d2q!=null and p.d2q!=''">
			,d2q
		</if>
		<if test="p.d3q!=null and p.d3q!=''">
			,d3q
		</if>
		<if test="p.d4q!=null and p.d4q!=''">
			,d4q
		</if>
		<if test="p.d5q!=null and p.d5q!=''">
			,d5q
		</if>
		<if test="p.d6q!=null and p.d6q!=''">
			,d6q
		</if>
		<if test="p.d7q!=null and p.d7q!=''">
			,d7q
		</if>
		<if test="p.d8q!=null and p.d8q!=''">
			,d8q
		</if>
		<if test="p.d9q!=null and p.d9q!=''">
			,d9q
		</if>
		<if test="p.d10q!=null and p.d10q!=''">
			,d10q
		</if>
		<if test="p.d11q!=null and p.d11q!=''">
			,d11q
		</if>
		<if test="p.d12q!=null and p.d12q!=''">
			,d12q
		</if>
		<if test="p.d13q!=null and p.d13q!=''">
			,d13q
		</if>
		<if test="p.d14q!=null and p.d14q!=''">
			,d14q
		</if>
		<if test="p.d15q!=null and p.d15q!=''">
			,d15q
		</if>
		<if test="p.d16q!=null and p.d16q!=''">
			,d16q
		</if>
		<if test="p.d17q!=null and p.d17q!=''">
			,d17q
		</if>
		<if test="p.d18q!=null and p.d18q!=''">
			,d18q
		</if>
		<if test="p.d19q!=null and p.d19q!=''">
			,d19q
		</if>
		<if test="p.d20q!=null and p.d20q!=''">
			,d20q
		</if>
		<if test="p.d21q!=null and p.d21q!=''">
			,d21q
		</if>
		<if test="p.d22q!=null and p.d22q!=''">
			,d22q
		</if>
		<if test="p.d23q!=null and p.d23q!=''">
			,d23q
		</if>
		<if test="p.d24q!=null and p.d24q!=''">
			,d24q
		</if>
		<if test="p.d25q!=null and p.d25q!=''">
			,d25q
		</if>
		<if test="p.d26q!=null and p.d26q!=''">
			,d26q
		</if>
		<if test="p.d27q!=null and p.d27q!=''">
			,d27q
		</if>
		<if test="p.d28q!=null and p.d28q!=''">
			,d28q
		</if>
		<if test="p.d29q!=null and p.d29q!=''">
			,d29q
		</if>
		<if test="p.d30q!=null and p.d30q!=''">
			,d30q
		</if>
		<if test="p.d31q!=null and p.d31q!=''">
			,d31q
		</if>
		<if test="p.d32q!=null and p.d32q!=''">
			,d32q
		</if>
		<if test="p.d33q!=null and p.d33q!=''">
			,d33q
		</if>
		<if test="p.d34q!=null and p.d34q!=''">
			,d34q
		</if>
		<if test="p.d35q!=null and p.d35q!=''">
			,d35q
		</if>
		<if test="p.d36q!=null and p.d36q!=''">
			,d36q
		</if>
		<if test="p.d37q!=null and p.d37q!=''">
			,d37q
		</if>
		<if test="p.d38q!=null and p.d38q!=''">
			,d38q
		</if>
		<if test="p.d39q!=null and p.d39q!=''">
			,d39q
		</if>
		<if test="p.d40q!=null and p.d40q!=''">
			,d40q
		</if>
		<if test="p.d41q!=null and p.d41q!=''">
			,d41q
		</if>
		<if test="p.d42q!=null and p.d42q!=''">
			,d42q
		</if>
		<if test="p.d43q!=null and p.d43q!=''">
			,d43q
		</if>
		<if test="p.d44q!=null and p.d44q!=''">
			,d44q
		</if>
		<if test="p.d45q!=null and p.d45q!=''">
			,d45q
		</if>
		<if test="p.d46q!=null and p.d46q!=''">
			,d46q
		</if>
		<if test="p.d47q!=null and p.d47q!=''">
			,d47q
		</if>
		<if test="p.d48q!=null and p.d48q!=''">
			,d48q
		</if>
		<if test="p.d49q!=null and p.d49q!=''">
			,d49q
		</if>
		<if test="p.dan!=null and p.dan!=''">
			,dan
		</if>
		<if test="p.shuang!=null and p.shuang!=''">
			,shuang
		</if>
		<if test="p.da!=null and p.da!=''">
			,da
		</if>
		<if test="p.xiao!=null and p.xiao!=''">
			,xiao
		</if>
		<if test="p.longs!=null and p.longs!=''">
			,longs
		</if>
		<if test="p.hu!=null and p.hu!=''">
			,hu
		</if>
		<if test="p.he!=null and p.he!=''">
			,he
		</if>
		<if test="p.baozi!=null and p.baozi!=''">
			,baozi
		</if>
		<if test="p.shunzi!=null and p.shunzi!=''">
			,shunzi
		</if>
		<if test="p.duizi!=null and p.duizi!=''">
			,duizi
		</if>
		<if test="p.banshun!=null and p.banshun!=''">
			,banshun
		</if>
		<if test="p.zaliu!=null and p.zaliu!=''">
			,zaliu
		</if>
		<if test="p.slhtx!=null and p.slhtx!=''">
			,slhtx
		</if>
		<if test="p.sthtx!=null and p.sthtx!=''">
			,sthtx
		</if>
		<if test="p.shu!=null and p.shu!=''">
			,shu
		</if>
		<if test="p.niu!=null and p.niu!=''">
			,niu
		</if>
		<if test="p.tu !=null and p.tu !=''">
			,tu
		</if>
		<if test="p.she!=null and p.she!=''">
			,she
		</if>
		<if test="p.ma!=null and p.ma!=''">
			,ma
		</if>
		<if test="p.yang!=null and p.yang!=''">
			,yang
		</if>
		<if test="p.hou!=null and p.hou!=''">
			,hou
		</if>
		<if test="p.ji!=null and p.ji!=''">
			,ji
		</if>
		<if test="p.gou!=null and p.gou!=''">
			,gou
		</if>
		<if test="p.zhu!=null and p.zhu!=''">
			,zhu
		</if>
		<if test="p.jiaxiao!=null and p.jiaxiao!=''">
			,jiaxiao
		</if>
		<if test="p.yexiao!=null and p.yexiao!=''">
			,yexiao
		</if>
		<if test="p.tianxiao!=null and p.tianxiao!=''">
			,tianxiao
		</if>
		<if test="p.dixiao!=null and p.dixiao!=''">
			,lingtou
		</if>
		<if test="p.lingtou!=null and p.lingtou!=''">
			,sthtx
		</if>
		<if test="p.yitou!=null and p.yitou!=''">
			,yitou
		</if>
		<if test="p.ertou!=null and p.ertou!=''">
			,ertou
		</if>
		<if test="p.santou!=null and p.santou!=''">
			,santou
		</if>
		<if test="p.sitou!=null and p.sitou!=''">
			,sitou
		</if>
		<if test="p.lingwei!=null and p.lingwei!=''">
			,lingwei
		</if>
		<if test="p.yiwei!=null and p.yiwei!=''">
			,yiwei
		</if>
		<if test="p.erwei!=null and p.erwei!=''">
			,erwei
		</if>
		<if test="p.sanwei!=null and p.sanwei!=''">
			,sanwei
		</if>
		<if test="p.siwei!=null and p.siwei!=''">
			,siwei
		</if>
		<if test="p.wuwei!=null and p.wuwei!=''">
			,wuwei
		</if>
		<if test="p.liuwei!=null and p.liuwei!=''">
			,liuwei
		</if>
		<if test="p.qiwei!=null and p.qiwei!=''">
			,qiwei
		</if>
		<if test="p.bawei!=null and p.bawei!=''">
			,bawei
		</if>
		<if test="p.jiuwei!=null and p.jiuwei!=''">
			,jiuwei
		</if>
		<if test="p.jin!=null and p.jin!=''">
			,jin
		</if>
		<if test="p.mu!=null and p.mu!=''">
			,mu
		</if>
		<if test="p.shui!=null and p.shui!=''">
			,shui
		</if>
		<if test="p.huo!=null and p.huo!=''">
			,huo
		</if>
		<if test="p.tus!=null and p.tus!=''">
			,tus
		</if>
		<if test="p.erxiao!=null and p.erxiao!=''">
			,erxiao
		</if>
		<if test="p.sanxiao!=null and p.sanxiao!=''">
			,sanxiao
		</if>
		<if test="p.sixiao!=null and p.sixiao!=''">
			,sixiao
		</if>
		<if test="p.wuxiao!=null and p.wuxiao!=''">
			,wuxiao
		</if>
		<if test="p.liuxiao!=null and p.liuxiao!=''">
			,liuxiao
		</if>
		<if test="p.qixiao!=null and p.qixiao!=''">
			,qixiao
		</if>
		<if test="p.hongbo!=null and p.hongbo!=''">
			,hongbo
		</if>
		<if test="p.lanbo!=null and p.lanbo!=''">
			,lanbo
		</if>
		<if test="p.lvbo!=null and p.lvbo!=''">
			,lvbo
		</if>
		<if test="p.hongda!=null and p.hongda!=''">
			,hongda
		</if>
		<if test="p.hongxiao!=null and p.hongxiao!=''">
			,hongxiao
		</if>
		<if test="p.hongdan!=null and p.hongdan!=''">
			,hongdan
		</if>
		<if test="p.hongshuang!=null and p.hongshuang!=''">
			,hongshuang
		</if>
		<if test="p.landa!=null and p.landa!=''">
			,landa
		</if>
		<if test="p.lanxiao!=null and p.lanxiao!=''">
			,lanxiao
		</if>
		<if test="p.landan!=null and p.landan!=''">
			,landan
		</if>
		<if test="p.lanshuang!=null and p.lanshuang!=''">
			,lanshuang
		</if>
		<if test="p.lvda!=null and p.lvda!=''">
			,lvda
		</if>
		<if test="p.lvxiao!=null and p.wuxiao!=''">
			,lvxiao
		</if>
		<if test="p.lvdan!=null and p.lvdan!=''">
			,lvdan
		</if>
		<if test="p.lvshuang!=null and p.lvshuang!=''">
			,lvshuang
		</if>
		<if test="p.hongdadan!=null and p.hongdadan!=''">
			,hongdadan
		</if>
		<if test="p.hongdashuang!=null and p.hongdashuang!=''">
			,hongdashuang
		</if>
		<if test="p.hongxiaodan!=null and p.hongxiaodan!=''">
			,hongxiaodan
		</if>
		<if test="p.hongxiaoshuang!=null and p.hongxiaoshuang!=''">
			,hongxiaoshuang
		</if>
		<if test="p.landadan!=null and p.landadan!=''">
			,landadan
		</if>
		<if test="p.landashuang!=null and p.landashuang!=''">
			,landashuang
		</if>
		<if test="p.lanxiaodan!=null and p.lanxiaodan!=''">
			,lanxiaodan
		</if>
		<if test="p.lanxiaoshuang!=null and p.lanxiaoshuang!=''">
			,lanxiaoshuang
		</if>
		<if test="p.lvdadan!=null and p.lvdadan!=''">
			,lvdadan
		</if>
		<if test="p.lvdashuang!=null and p.lvdashuang!=''">
			,lvdashuang
		</if>
		<if test="p.lvxiaodan!=null and p.lvxiaodan!=''">
			,lvxiaodan
		</if>
		<if test="p.lvxiaoshuang!=null and p.lvxiaoshuang!=''">
			,lvxiaoshuang
		</if>
		<if test="p.dadan!=null and p.dadan!=''">
			,dadan
		</if>
		<if test="p.dashuang!=null and p.dashuang!=''">
			,dashuang
		</if>
		<if test="p.xiaodan!=null and p.xiaodan!=''">
			,xiaodan
		</if>
		<if test="p.xiaoshuang!=null and p.xiaoshuang!=''">
			,xiaoshuang
		</if>
		<if test="p.jida!=null and p.jida!=''">
			,jida
		</if>
		<if test="p.jixiao!=null and p.jixiao!=''">
			,jixiao
		</if>
		)
		VALUES
		(
		<if test="p.cname!=null and p.cname!=''">
			#{p.cname}
		</if>
		<if test="p.period!=null and p.period!=''">
			,#{p.period}
		</if>
		<if test="p.cplay!=null and p.cplay!=''">
			,#{p.cplay}
		</if>
		<if test="p.count!=null and p.count!=''">
			,#{p.count}
		</if>
		<if test="p.price!=null and p.price!=''">
			,#{p.price}
		</if>
		<if test="p.rebate!=null and p.rebate!=''">
			,#{p.rebate}
		</if>
		<if test="p.payMoney!=null and p.payMoney!=''">
			,#{p.payMoney}
		</if>
		<if test="p.createTime!=null and p.createTime!=''">
			,#{p.createTime}
		</if>
		<if test="p.d1q!=null and p.d1q!=''">
			,#{p.d1q}
		</if>
		<if test="p.d2q!=null and p.d2q!=''">
			,#{p.d2q}
		</if>
		<if test="p.d3q!=null and p.d3q!=''">
			,#{p.d3q}
		</if>
		<if test="p.d4q!=null and p.d4q!=''">
			,#{p.d4q}
		</if>
		<if test="p.d5q!=null and p.d5q!=''">
			,#{p.d5q}
		</if>
		<if test="p.d6q!=null and p.d6q!=''">
			,#{p.d6q}
		</if>
		<if test="p.d7q!=null and p.d7q!=''">
			,#{p.d7q}
		</if>
		<if test="p.d8q!=null and p.d8q!=''">
			,#{p.d8q}
		</if>
		<if test="p.d9q!=null and p.d9q!=''">
			,#{p.d9q}
		</if>
		<if test="p.d10q!=null and p.d10q!=''">
			,#{p.d10q}
		</if>
		<if test="p.d11q!=null and p.d11q!=''">
			,#{p.d11q}
		</if>
		<if test="p.d12q!=null and p.d12q!=''">
			,#{p.d12q}
		</if>
		<if test="p.d13q!=null and p.d13q!=''">
			,#{p.d13q}
		</if>
		<if test="p.d14q!=null and p.d14q!=''">
			,#{p.d14q}
		</if>
		<if test="p.d15q!=null and p.d15q!=''">
			,#{p.d15q}
		</if>
		<if test="p.d16q!=null and p.d16q!=''">
			,#{p.d16q}
		</if>
		<if test="p.d17q!=null and p.d17q!=''">
			,#{p.d17q}
		</if>
		<if test="p.d18q!=null and p.d18q!=''">
			,#{p.d18q}
		</if>
		<if test="p.d19q!=null and p.d19q!=''">
			,#{p.d19q}
		</if>
		<if test="p.d20q!=null and p.d20q!=''">
			,#{p.d20q}
		</if>
		<if test="p.d21q!=null and p.d21q!=''">
			,#{p.d21q}
		</if>
		<if test="p.d22q!=null and p.d22q!=''">
			,#{p.d22q}
		</if>
		<if test="p.d23q!=null and p.d23q!=''">
			,#{p.d23q}
		</if>
		<if test="p.d24q!=null and p.d24q!=''">
			,#{p.d24q}
		</if>
		<if test="p.d25q!=null and p.d25q!=''">
			,#{p.d25q}
		</if>
		<if test="p.d26q!=null and p.d26q!=''">
			,#{p.d26q}
		</if>
		<if test="p.d27q!=null and p.d27q!=''">
			,#{p.d27q}
		</if>
		<if test="p.d28q!=null and p.d28q!=''">
			,#{p.d28q}
		</if>
		<if test="p.d29q!=null and p.d29q!=''">
			,#{p.d29q}
		</if>
		<if test="p.d30q!=null and p.d30q!=''">
			,#{p.d30q}
		</if>
		<if test="p.d31q!=null and p.d31q!=''">
			,#{p.d31q}
		</if>
		<if test="p.d32q!=null and p.d32q!=''">
			,#{p.d32q}
		</if>
		<if test="p.d33q!=null and p.d33q!=''">
			,#{p.d33q}
		</if>
		<if test="p.d34q!=null and p.d34q!=''">
			,#{p.d34q}
		</if>
		<if test="p.d35q!=null and p.d35q!=''">
			,#{p.d35q}
		</if>
		<if test="p.d36q!=null and p.d36q!=''">
			,#{p.d36q}
		</if>
		<if test="p.d37q!=null and p.d37q!=''">
			,#{p.d37q}
		</if>
		<if test="p.d38q!=null and p.d38q!=''">
			,#{p.d38q}
		</if>
		<if test="p.d39q!=null and p.d39q!=''">
			,#{p.d39q}
		</if>
		<if test="p.d40q!=null and p.d40q!=''">
			,#{p.d40q}
		</if>
		<if test="p.d41q!=null and p.d41q!=''">
			,#{p.d41q}
		</if>
		<if test="p.d42q!=null and p.d42q!=''">
			,#{p.d42q}
		</if>
		<if test="p.d43q!=null and p.d43q!=''">
			,#{p.d43q}
		</if>
		<if test="p.d44q!=null and p.d44q!=''">
			,#{p.d44q}
		</if>
		<if test="p.d45q!=null and p.d45q!=''">
			,#{p.d45q}
		</if>
		<if test="p.d46q!=null and p.d46q!=''">
			,#{p.d46q}
		</if>
		<if test="p.d47q!=null and p.d47q!=''">
			,#{p.d47q}
		</if>
		<if test="p.d48q!=null and p.d48q!=''">
			,#{p.d48q}
		</if>
		<if test="p.d49q!=null and p.d49q!=''">
			,#{p.d49q}
		</if>
		<if test="p.dan!=null and p.dan!=''">
			,#{p.dan}
		</if>
		<if test="p.shuang!=null and p.shuang!=''">
			,#{p.shuang}
		</if>
		<if test="p.da!=null and p.da!=''">
			,#{p.da}
		</if>
		<if test="p.xiao!=null and p.xiao!=''">
			,#{p.xiao}
		</if>
		<if test="p.longs!=null and p.longs!=''">
			,#{p.longs}
		</if>
		<if test="p.hu!=null and p.hu!=''">
			,#{p.hu}
		</if>
		<if test="p.he!=null and p.he!=''">
			,#{p.he}
		</if>
		<if test="p.baozi!=null and p.baozi!=''">
			,#{p.baozi}
		</if>
		<if test="p.shunzi!=null and p.shunzi!=''">
			,#{p.shunzi}
		</if>
		<if test="p.duizi!=null and p.duizi!=''">
			,#{p.duizi}
		</if>
		<if test="p.banshun!=null and p.banshun!=''">
			,#{p.banshun}
		</if>
		<if test="p.zaliu!=null and p.zaliu!=''">
			,#{p.zaliu}
		</if>
		<if test="p.slhtx!=null and p.slhtx!=''">
			,#{p.slhtx}
		</if>
		<if test="p.sthtx!=null and p.sthtx!=''">
			,#{p.sthtx}
		</if>
		<if test="p.shu!=null and p.shu!=''">
			,#{p.shu}
		</if>
		<if test="p.niu!=null and p.niu!=''">
			,#{p.niu}
		</if>
		<if test="p.tu !=null and p.tu !=''">
			,#{p.tu}
		</if>
		<if test="p.she!=null and p.she!=''">
			,#{p.she}
		</if>
		<if test="p.ma!=null and p.ma!=''">
			,#{p.ma}
		</if>
		<if test="p.yang!=null and p.yang!=''">
			,#{p.yang}
		</if>
		<if test="p.hou!=null and p.hou!=''">
			,#{p.hou}
		</if>
		<if test="p.ji!=null and p.ji!=''">
			,#{p.ji}
		</if>
		<if test="p.gou!=null and p.gou!=''">
			,#{p.gou}
		</if>
		<if test="p.zhu!=null and p.zhu!=''">
			,#{p.zhu}
		</if>
		<if test="p.jiaxiao!=null and p.jiaxiao!=''">
			,#{p.jiaxiao}
		</if>
		<if test="p.yexiao!=null and p.yexiao!=''">
			,#{p.yexiao}
		</if>
		<if test="p.tianxiao!=null and p.tianxiao!=''">
			,#{p.tianxiao}
		</if>
		<if test="p.dixiao!=null and p.dixiao!=''">
			,#{p.lingtou}
		</if>
		<if test="p.lingtou!=null and p.lingtou!=''">
			,#{p.sthtx}
		</if>
		<if test="p.yitou!=null and p.yitou!=''">
			,#{p.yitou}
		</if>
		<if test="p.ertou!=null and p.ertou!=''">
			,#{p.ertou}
		</if>
		<if test="p.santou!=null and p.santou!=''">
			,#{p.santou}
		</if>
		<if test="p.sitou!=null and p.sitou!=''">
			,#{p.sitou}
		</if>
		<if test="p.lingwei!=null and p.lingwei!=''">
			,#{p.lingwei}
		</if>
		<if test="p.yiwei!=null and p.yiwei!=''">
			,#{p.yiwei}
		</if>
		<if test="p.erwei!=null and p.erwei!=''">
			,#{p.erwei}
		</if>
		<if test="p.sanwei!=null and p.sanwei!=''">
			,#{p.sanwei}
		</if>
		<if test="p.siwei!=null and p.siwei!=''">
			,#{p.siwei}
		</if>
		<if test="p.wuwei!=null and p.wuwei!=''">
			,#{p.wuwei}
		</if>
		<if test="p.liuwei!=null and p.liuwei!=''">
			,#{p.liuwei}
		</if>
		<if test="p.qiwei!=null and p.qiwei!=''">
			,#{p.qiwei}
		</if>
		<if test="p.bawei!=null and p.bawei!=''">
			,#{p.bawei}
		</if>
		<if test="p.jiuwei!=null and p.jiuwei!=''">
			,#{p.jiuwei}
		</if>
		<if test="p.jin!=null and p.jin!=''">
			,#{p.jin}
		</if>
		<if test="p.mu!=null and p.mu!=''">
			,#{p.mu}
		</if>
		<if test="p.shui!=null and p.shui!=''">
			,#{p.shui}
		</if>
		<if test="p.huo!=null and p.huo!=''">
			,#{p.huo}
		</if>
		<if test="p.tus!=null and p.tus!=''">
			,#{p.tus}
		</if>
		<if test="p.erxiao!=null and p.erxiao!=''">
			,#{p.erxiao}
		</if>
		<if test="p.sanxiao!=null and p.sanxiao!=''">
			,#{p.sanxiao}
		</if>
		<if test="p.sixiao!=null and p.sixiao!=''">
			,#{p.sixiao}
		</if>
		<if test="p.wuxiao!=null and p.wuxiao!=''">
			,#{p.wuxiao}
		</if>
		<if test="p.liuxiao!=null and p.liuxiao!=''">
			,#{p.liuxiao}
		</if>
		<if test="p.qixiao!=null and p.qixiao!=''">
			,#{p.qixiao}
		</if>
		<if test="p.hongbo!=null and p.hongbo!=''">
			,#{p.hongbo}
		</if>
		<if test="p.lanbo!=null and p.lanbo!=''">
			,#{p.lanbo}
		</if>
		<if test="p.lvbo!=null and p.lvbo!=''">
			,#{p.lvbo}
		</if>
		<if test="p.hongda!=null and p.hongda!=''">
			,#{p.hongda}
		</if>
		<if test="p.hongxiao!=null and p.hongxiao!=''">
			,#{p.hongxiao}
		</if>
		<if test="p.hongdan!=null and p.hongdan!=''">
			,#{p.hongdan}
		</if>
		<if test="p.hongshuang!=null and p.hongshuang!=''">
			,#{p.hongshuang}
		</if>
		<if test="p.landa!=null and p.landa!=''">
			,#{p.landa}
		</if>
		<if test="p.lanxiao!=null and p.lanxiao!=''">
			,#{p.lanxiao}
		</if>
		<if test="p.landan!=null and p.landan!=''">
			,#{p.landan}
		</if>
		<if test="p.lanshuang!=null and p.lanshuang!=''">
			,#{p.lanshuang}
		</if>
		<if test="p.lvda!=null and p.lvda!=''">
			,#{p.lvda}
		</if>
		<if test="p.lvxiao!=null and p.wuxiao!=''">
			,#{p.lvxiao}
		</if>
		<if test="p.lvdan!=null and p.lvdan!=''">
			,#{p.lvdan}
		</if>
		<if test="p.lvshuang!=null and p.lvshuang!=''">
			,#{p.lvshuang}
		</if>
		<if test="p.hongdadan!=null and p.hongdadan!=''">
			,#{p.hongdadan}
		</if>
		<if test="p.hongdashuang!=null and p.hongdashuang!=''">
			,#{p.hongdashuang}
		</if>
		<if test="p.hongxiaodan!=null and p.hongxiaodan!=''">
			,#{p.hongxiaodan}
		</if>
		<if test="p.hongxiaoshuang!=null and p.hongxiaoshuang!=''">
			,#{p.hongxiaoshuang}
		</if>
		<if test="p.landadan!=null and p.landadan!=''">
			,#{p.landadan}
		</if>
		<if test="p.landashuang!=null and p.landashuang!=''">
			,#{p.landashuang}
		</if>
		<if test="p.lanxiaodan!=null and p.lanxiaodan!=''">
			,#{p.lanxiaodan}
		</if>
		<if test="p.lanxiaoshuang!=null and p.lanxiaoshuang!=''">
			,#{p.lanxiaoshuang}
		</if>
		<if test="p.lvdadan!=null and p.lvdadan!=''">
			,#{p.lvdadan}
		</if>
		<if test="p.lvdashuang!=null and p.lvdashuang!=''">
			,#{p.lvdashuang}
		</if>
		<if test="p.lvxiaodan!=null and p.lvxiaodan!=''">
			,#{p.lvxiaodan}
		</if>
		<if test="p.lvxiaoshuang!=null and p.lvxiaoshuang!=''">
			,#{p.lvxiaoshuang}
		</if>
		<if test="p.dadan!=null and p.dadan!=''">
			,#{p.dadan}
		</if>
		<if test="p.dashuang!=null and p.dashuang!=''">
			,#{p.dashuang}
		</if>
		<if test="p.xiaodan!=null and p.xiaodan!=''">
			,#{p.xiaodan}
		</if>
		<if test="p.xiaoshuang!=null and p.xiaoshuang!=''">
			,#{p.xiaoshuang}
		</if>
		<if test="p.jida!=null and p.jida!=''">
			,#{p.jida}
		</if>
		<if test="p.jixiao!=null and p.jixiao!=''">
			,#{p.jixiao}
		</if>
		)
	</insert>

	<!-- 修改这一期玩法的下注次数 -->
	<update id="updatePlayCount">
		UPDATE cp_play_count SET count =
		#{p.count},price=#{p.price},payMoney=#{p.payMoney}
		<if test="p.d1q!=null and p.d1q!=''">
			,d1q=#{p.d1q}
		</if>
		<if test="p.d2q!=null and p.d2q!=''">
			,d2q=#{p.d2q}
		</if>
		<if test="p.d3q!=null and p.d3q!=''">
			,d3q=#{p.d3q}
		</if>
		<if test="p.d4q!=null and p.d4q!=''">
			,d4q=#{p.d4q}
		</if>
		<if test="p.d5q!=null and p.d5q!=''">
			,d5q=#{p.d5q}
		</if>
		<if test="p.d6q!=null and p.d6q!=''">
			,d6q=#{p.d6q}
		</if>
		<if test="p.d7q!=null and p.d7q!=''">
			,d7q=#{p.d7q}
		</if>
		<if test="p.d8q!=null and p.d8q!=''">
			,d8q=#{p.d8q}
		</if>
		<if test="p.d9q!=null and p.d9q!=''">
			,d9q=#{p.d9q}
		</if>
		<if test="p.d10q!=null and p.d10q!=''">
			,d10q=#{p.d10q}
		</if>
		<if test="p.d11q!=null and p.d11q!=''">
			,d11q=#{p.d11q}
		</if>
		<if test="p.d12q!=null and p.d12q!=''">
			,d12q=#{p.d12q}
		</if>
		<if test="p.d13q!=null and p.d13q!=''">
			,d13q=#{p.d13q}
		</if>
		<if test="p.d14q!=null and p.d14q!=''">
			,d14q=#{p.d14q}
		</if>
		<if test="p.d15q!=null and p.d15q!=''">
			,d15q=#{p.d15q}
		</if>
		<if test="p.d16q!=null and p.d16q!=''">
			,d16q=#{p.d16q}
		</if>
		<if test="p.d17q!=null and p.d17q!=''">
			,d17q = #{p.d17q}
		</if>
		<if test="p.d18q!=null and p.d18q!=''">
			,d18q=#{p.d18q}
		</if>
		<if test="p.d19q!=null and p.d19q!=''">
			,d19q=#{p.d19q}
		</if>
		<if test="p.d20q!=null and p.d20q!=''">
			,d20q=#{p.d20q}
		</if>
		<if test="p.d21q!=null and p.d21q!=''">
			,d21q = #{p.d21q}
		</if>
		<if test="p.d22q!=null and p.d22q!=''">
			,d22q =#{p.d22q}
		</if>
		<if test="p.d23q!=null and p.d23q!=''">
			,d23q=#{p.d23q}
		</if>
		<if test="p.d24q!=null and p.d24q!=''">
			,d24q=#{p.d24q}
		</if>
		<if test="p.d25q!=null and p.d25q!=''">
			,d25q=#{p.d25q}
		</if>
		<if test="p.d26q!=null and p.d26q!=''">
			,d26q=#{p.d26q}
		</if>
		<if test="p.d27q!=null and p.d27q!=''">
			,d27q=#{p.d27q}
		</if>
		<if test="p.d28q!=null and p.d28q!=''">
			,d28q=#{p.d28q}
		</if>
		<if test="p.d29q!=null and p.d29q!=''">
			,d29q=#{p.d29q}
		</if>
		<if test="p.d30q!=null and p.d30q!=''">
			,d30q=#{p.d30q}
		</if>
		<if test="p.d31q!=null and p.d31q!=''">
			,d31q=#{p.d31q}
		</if>
		<if test="p.d32q!=null and p.d32q!=''">
			,d32q=#{p.d32q}
		</if>
		<if test="p.d33q!=null and p.d33q!=''">
			,d33q=#{p.d33q}
		</if>
		<if test="p.d34q!=null and p.d34q!=''">
			,d34q=#{p.d34q}
		</if>
		<if test="p.d35q!=null and p.d35q!=''">
			,d35q=#{p.d35q}
		</if>
		<if test="p.d36q!=null and p.d36q!=''">
			,d36q=#{p.d36q}
		</if>
		<if test="p.d37q!=null and p.d37q!=''">
			,d37q=#{p.d37q}
		</if>
		<if test="p.d38q!=null and p.d38q!=''">
			,d38q=#{p.d38q}
		</if>
		<if test="p.d39q!=null and p.d39q!=''">
			,d39q=#{p.d39q}
		</if>
		<if test="p.d40q!=null and p.d40q!=''">
			,d40q=#{p.d40q}
		</if>
		<if test="p.d41q!=null and p.d41q!=''">
			,d41q=#{p.d41q}
		</if>
		<if test="p.d42q!=null and p.d42q!=''">
			,d42q=#{p.d42q}
		</if>
		<if test="p.d43q!=null and p.d43q!=''">
			,d43q=#{p.d43q}
		</if>
		<if test="p.d44q!=null and p.d44q!=''">
			,d44q=#{p.d44q}
		</if>
		<if test="p.d45q!=null and p.d45q!=''">
			,d45q=#{p.d45q}
		</if>
		<if test="p.d46q!=null and p.d46q!=''">
			,d46q=#{p.d46q}
		</if>
		<if test="p.d47q!=null and p.d47q!=''">
			,d47q=#{p.d47q}
		</if>
		<if test="p.d48q!=null and p.d48q!=''">
			,d48q=#{p.d48q}
		</if>
		<if test="p.d49q!=null and p.d49q!=''">
			,d49q=#{p.d49q}
		</if>
		<if test="p.dan!=null and p.dan!=''">
			,dan=#{p.dan}
		</if>
		<if test="p.shuang!=null and p.shuang!=''">
			,shuang=#{p.shuang}
		</if>
		<if test="p.da!=null and p.da!=''">
			,da=#{p.da}
		</if>
		<if test="p.xiao!=null and p.xiao!=''">
			,xiao=#{p.xiao}
		</if>
		<if test="p.longs!=null and p.longs!=''">
			,longs=#{p.longs}
		</if>
		<if test="p.hu!=null and p.hu!=''">
			,hu=#{p.hu}
		</if>
		<if test="p.he!=null and p.he!=''">
			,he=#{p.he}
		</if>
		<if test="p.baozi!=null and p.baozi!=''">
			,baozi=#{p.baozi}
		</if>
		<if test="p.shunzi!=null and p.shunzi!=''">
			,shunzi=#{p.shunzi}
		</if>
		<if test="p.duizi!=null and p.duizi!=''">
			,duizi=#{p.duizi}
		</if>
		<if test="p.banshun!=null and p.banshun!=''">
			,banshun=#{p.banshun}
		</if>
		<if test="p.zaliu!=null and p.zaliu!=''">
			,zaliu=#{p.zaliu}
		</if>
		<if test="p.slhtx!=null and p.slhtx!=''">
			,slhtx=#{p.slhtx}
		</if>
		<if test="p.sthtx!=null and p.sthtx!=''">
			,sthtx=#{p.sthtx}
		</if>
		<if test="p.shu!=null and p.shu!=''">
			,shu=#{p.shu}
		</if>
		<if test="p.niu!=null and p.niu!=''">
			,niu=#{p.niu}
		</if>
		<if test="p.hu!=null and p.hu!=''">
			,hu=#{p.hu}
		</if>
		<if test="p.tu !=null and p.tu !=''">
			,tu=#{p.tu}
		</if>
		<if test="p.she!=null and p.she!=''">
			,she=#{p.she}
		</if>
		<if test="p.ma!=null and p.ma!=''">
			,ma=#{p.ma}
		</if>
		<if test="p.yang!=null and p.yang!=''">
			,yang=#{p.yang}
		</if>
		<if test="p.hou!=null and p.hou!=''">
			,hou=#{p.hou}
		</if>
		<if test="p.ji!=null and p.ji!=''">
			,ji=#{p.ji}
		</if>
		<if test="p.gou!=null and p.gou!=''">
			,gou=#{p.gou}
		</if>
		<if test="p.zhu!=null and p.zhu!=''">
			,zhu=#{p.zhu}
		</if>
		<if test="p.jiaxiao!=null and p.jiaxiao!=''">
			,jiaxiao=#{p.jiaxiao}
		</if>
		<if test="p.yexiao!=null and p.yexiao!=''">
			,yexiao=#{p.yexiao}
		</if>
		<if test="p.tianxiao!=null and p.tianxiao!=''">
			,tianxiao=#{p.tianxiao}
		</if>
		<if test="p.dixiao!=null and p.dixiao!=''">
			,lingtou=#{p.lingtou}
		</if>
		<if test="p.lingtou!=null and p.lingtou!=''">
			,sthtx=#{p.sthtx}
		</if>
		<if test="p.yitou!=null and p.yitou!=''">
			,yitou=#{p.yitou}
		</if>
		<if test="p.ertou!=null and p.ertou!=''">
			,ertou=#{p.ertou}
		</if>
		<if test="p.santou!=null and p.santou!=''">
			,santou=#{p.santou}
		</if>
		<if test="p.sitou!=null and p.sitou!=''">
			,sitou=#{p.sitou}
		</if>
		<if test="p.lingwei!=null and p.lingwei!=''">
			,lingwei=#{p.lingwei}
		</if>
		<if test="p.yiwei!=null and p.yiwei!=''">
			,yiwei=#{p.yiwei}
		</if>
		<if test="p.erwei!=null and p.erwei!=''">
			,erwei=#{p.erwei}
		</if>
		<if test="p.sanwei!=null and p.sanwei!=''">
			,sanwei=#{p.sanwei}
		</if>
		<if test="p.siwei!=null and p.siwei!=''">
			,siwei=#{p.siwei}
		</if>
		<if test="p.wuwei!=null and p.wuwei!=''">
			,wuwei=#{p.wuwei}
		</if>
		<if test="p.liuwei!=null and p.liuwei!=''">
			,liuwei=#{p.liuwei}
		</if>
		<if test="p.qiwei!=null and p.qiwei!=''">
			,qiwei=#{p.qiwei}
		</if>
		<if test="p.bawei!=null and p.bawei!=''">
			,bawei=#{p.bawei}
		</if>
		<if test="p.jiuwei!=null and p.jiuwei!=''">
			,jiuwei=#{p.jiuwei}
		</if>
		<if test="p.jin!=null and p.jin!=''">
			,jin=#{p.jin}
		</if>
		<if test="p.mu!=null and p.mu!=''">
			,mu=#{p.mu}
		</if>
		<if test="p.shui!=null and p.shui!=''">
			,shui=#{p.shui}
		</if>
		<if test="p.huo!=null and p.huo!=''">
			,huo=#{p.huo}
		</if>
		<if test="p.tus!=null and p.tus!=''">
			,tus=#{p.tus}
		</if>
		<if test="p.erxiao!=null and p.erxiao!=''">
			,erxiao=#{p.erxiao}
		</if>
		<if test="p.sanxiao!=null and p.sanxiao!=''">
			,sanxiao=#{p.sanxiao}
		</if>
		<if test="p.sixiao!=null and p.sixiao!=''">
			,sixiao=#{p.sixiao}
		</if>
		<if test="p.wuxiao!=null and p.wuxiao!=''">
			,wuxiao=#{p.wuxiao}
		</if>
		<if test="p.liuxiao!=null and p.liuxiao!=''">
			,liuxiao=#{p.liuxiao}
		</if>
		<if test="p.qixiao!=null and p.qixiao!=''">
			,qixiao=#{p.qixiao}
		</if>
		<if test="p.hongbo!=null and p.hongbo!=''">
			,hongbo=#{p.hongbo}
		</if>
		<if test="p.lanbo!=null and p.lanbo!=''">
			,lanbo=#{p.lanbo}
		</if>
		<if test="p.lvbo!=null and p.lvbo!=''">
			,lvbo=#{p.lvbo}
		</if>
		<if test="p.hongda!=null and p.hongda!=''">
			,hongda=#{p.hongda}
		</if>
		<if test="p.hongxiao!=null and p.hongxiao!=''">
			,hongxiao=#{p.hongxiao}
		</if>
		<if test="p.hongdan!=null and p.hongdan!=''">
			,hongdan=#{p.hongdan}
		</if>
		<if test="p.hongshuang!=null and p.hongshuang!=''">
			,hongshuang=#{p.hongshuang}
		</if>
		<if test="p.landa!=null and p.landa!=''">
			,landa=#{p.landa}
		</if>
		<if test="p.lanxiao!=null and p.lanxiao!=''">
			,lanxiao=#{p.lanxiao}
		</if>
		<if test="p.landan!=null and p.landan!=''">
			,landan=#{p.landan}
		</if>
		<if test="p.lanshuang!=null and p.lanshuang!=''">
			,lanshuang=#{p.lanshuang}
		</if>
		<if test="p.lvda!=null and p.lvda!=''">
			,lvda=#{p.lvda}
		</if>
		<if test="p.lvxiao!=null and p.wuxiao!=''">
			,lvxiao=#{p.lvxiao}
		</if>
		<if test="p.lvdan!=null and p.lvdan!=''">
			,lvdan=#{p.lvdan}
		</if>
		<if test="p.lvshuang!=null and p.lvshuang!=''">
			,lvshuang=#{p.lvshuang}
		</if>
		<if test="p.hongdadan!=null and p.hongdadan!=''">
			,hongdadan=#{p.hongdadan}
		</if>
		<if test="p.hongdashuang!=null and p.hongdashuang!=''">
			,hongdashuang=#{p.hongdashuang}
		</if>
		<if test="p.hongxiaodan!=null and p.hongxiaodan!=''">
			,hongxiaodan=#{p.hongxiaodan}
		</if>
		<if test="p.hongxiaoshuang!=null and p.hongxiaoshuang!=''">
			,hongxiaoshuang=#{p.hongxiaoshuang}
		</if>
		<if test="p.landadan!=null and p.landadan!=''">
			,landadan=#{p.landadan}
		</if>
		<if test="p.landashuang!=null and p.landashuang!=''">
			,landashuang=#{p.landashuang}
		</if>
		<if test="p.lanxiaodan!=null and p.lanxiaodan!=''">
			,lanxiaodan=#{p.lanxiaodan}
		</if>
		<if test="p.lanxiaoshuang!=null and p.lanxiaoshuang!=''">
			,lanxiaoshuang=#{p.lanxiaoshuang}
		</if>
		<if test="p.lvdadan!=null and p.lvdadan!=''">
			,lvdadan=#{p.lvdadan}
		</if>
		<if test="p.lvdashuang!=null and p.lvdashuang!=''">
			,lvdashuang=#{p.lvdashuang}
		</if>
		<if test="p.lvxiaodan!=null and p.lvxiaodan!=''">
			,lvxiaodan=#{p.lvxiaodan}
		</if>
		<if test="p.lvxiaoshuang!=null and p.lvxiaoshuang!=''">
			,lvxiaoshuang=#{p.lvxiaoshuang}
		</if>
		<if test="p.dadan!=null and p.dadan!=''">
			,dadan=#{p.dadan}
		</if>
		<if test="p.dashuang!=null and p.dashuang!=''">
			,dashuang=#{p.dashuang}
		</if>
		<if test="p.xiaodan!=null and p.xiaodan!=''">
			,xiaodan=#{p.xiaodan}
		</if>
		<if test="p.xiaoshuang!=null and p.xiaoshuang!=''">
			,xiaoshuang=#{p.xiaoshuang}
		</if>
		<if test="p.jida!=null and p.jida!=''">
			,jida=#{p.jida}
		</if>
		<if test="p.jixiao!=null and p.jixiao!=''">
			,jixiao=#{p.jixiao}
		</if>
		WHERE
		cplay=#{p.cplay}
		AND
		period = #{p.period}
		AND cname = #{p.cname}
	</update>

	<!--查询下注人数以及金额 -->
	<select id="getCplayCount" resultType="java.lang.Double">
		SELECT
		SUM(IFNULL(price),0)
		FROM
		cp_play_count
		WHERE
		cname=#{cname}
		AND
		period=#{period}
	</select>
	
	<!-- 查询私彩下注最高的玩法 -->
	<select id="findPlayMaxAttr" resultType="PlayCount">
	SELECT * FROM cp_play_count
	WHERE 
		cname = #{cname}
	AND
		period = #{period}
	AND 
		playResult=#{playResult}
	</select>

</mapper> 