<?xml version="1.0" encoding="UTF-8"?>
 <!DOCTYPE mapper PUBLIC "-//ibatis.apache.org//DTD Mapper 3.0//EN"      
 "http://ibatis.apache.org/dtd/ibatis-3-mapper.dtd">
 <mapper namespace="com.ja.dao.QqKeFuMapper">
 
 <!--查询所有的qq客服 -->
 <select id="getAllQqKeFu" resultType="QqKeFu">
 	select id,name,note,number,createTime,state from cp_qq_kefu
 </select>
 
 <!--添加入QQ客服-->
 <insert id="addQqKeFuInfo">
 	insert into cp_qq_kefu(name,number,note,createTime,state) values (#{qq.name},#{qq.number},#{qq.note},
 	#{qq.createTime},#{qq.state})
 </insert>
 
 <!-- 修改QQ客服信息 -->
 <update id="updateQqKeFuInfo">
 	update cp_qq_kefu set 
 	<if test="qq.name != null">
 	name=#{qq.name},
 	</if>
 	<if test="qq.number != null">
 		number=#{qq.number},
 	</if>
 	<if test="qq.note != null">
 	note=#{qq.note},
 	</if>
 	<if test="qq.createTime != null">
 	createTime=#{qq.createTime},
 	</if>
 	<if test="qq.state != null">
 	state = #{qq.state}
 	</if>
 	id = #{qq.id}
    WHERE id = #{qq.id}
 </update>
 
 <!--删除QQ客服信息 -->
 <delete id="delQqKeFuInfo">
 	DELETE FROM cp_qq_kefu
 	WHERE id = #{id}
 </delete>

 
 
 </mapper> 