<?xml version="1.0" encoding="UTF-8"?>
 <!DOCTYPE mapper PUBLIC "-//ibatis.apache.org//DTD Mapper 3.0//EN"      
 "http://ibatis.apache.org/dtd/ibatis-3-mapper.dtd">
<mapper namespace="com.ja.dao.RechargeQueryMapper">

	<!-- 保存充值信息 -->
	<insert id="insertRechargeInfo" parameterType="PayMoney" useGeneratedKeys="true" keyProperty="id">
		INSERT INTO 
			cp_recharge_query(userId,orderNum,cardId,faceValue,channelId,postKey,createTime,uid)
		VALUES
			(#{userId},#{orderNum},#{cardId},#{faceValue},#{channelId},#{postKey},#{createTime},#{uid})
	</insert>

	<!-- 异步查询充值信息 -->
	<select id="getQueryInfo" resultType="PayMoney">
		SELECT * FROM cp_recharge_query
		WHERE uid = #{id} AND state = 1
	</select>

	<!-- 修改充值处理状态 -->
	<update id="updateRechargeState">
		UPDATE cp_recharge_query SET
		 	state =#{state}
		WHERE 
			id = #{id}
	</update>
	
	<!-- 查询充值处理状态 -->
	<select id="findByIdOrNumRechargeInfo" resultType="PayMoney">
		SELECT * FROM cp_recharge_query
		WHERE state = 1
		<if test=" orderNum !=null and orderNum != '' ">
			AND orderNum = #{orderNum} 
		</if>
		<if test=" cardId !=null and cardId != '' ">
			AND cardId = #{cardId} 
		</if>
	</select>

</mapper> 