<?xml version="1.0" encoding="UTF-8" ?>
<!DOCTYPE mapper PUBLIC "-//mybatis.org//DTD Mapper 3.0//EN" "mybatis-3-mapper.dtd" >
<mapper namespace="com.ja.dao.RedPacketMapper" >

  <select id="selectByPrimaryKey" resultType="RedPacket" >
    select `id` ,`userid` ,`creattime` ,`type` ,`jine` ,`count` ,`desc` ,`redpack` ,`state` ,`lingqu`  from cp_redPacket where  `id` = #{id}
  </select>
  
  <select id="search" resultType="RedPacket">
    select `id` ,`userid` ,`creattime` ,`type` ,`jine` ,`count` ,`desc` ,`redpack` ,`state` ,`lingqu`  from cp_redPacket
  </select>
  
  <insert id="insert" parameterType="com.ja.domain.RedPacket" useGeneratedKeys="true"  keyProperty="id" >
    insert into cp_redPacket (`userid` ,`creattime` ,`type` ,`jine` ,`count` ,`desc` ,`redpack` ,`state` ,`lingqu` ) values (#{userid},#{creattime},#{type},#{jine},#{count},#{desc},#{redpack},#{state},"0,")
  </insert>
  
  <delete id="deleteByPrimaryKey">
    delete from cp_redPacket where  `id` = #{id}
  </delete>
  
  <update id="updateByPrimaryKey" parameterType="com.ja.domain.RedPacket" >
    update cp_redPacket set `userid` = #{userid},`creattime` = #{creattime},`type` = #{type},`jine` = #{jine},`count` = #{count},`desc` = #{desc},`redpack` = #{redpack},`state` = #{state},`lingqu` = #{lingqu} where  `id` = #{id}
  </update>
  
  <update id="updredPack">
    update cp_redPacket set `lingqu` = #{linqu} where  `id` = #{id}
  </update>
  
  <select id="LatestRedenvelopes" resultType="RedPacket">
	select * from cp_redpacket where userid = 0 ORDER BY id desc LIMIT 1
  </select>
  
  
   <!-- 查询系统派发的红包 -->
  <select id="getAllRedPackage" resultType="RedPacket">
  SELECT * FROM cp_redpacket
  WHERE userid = 0 AND type IS NOT NULL
  ORDER BY id DESC
  </select>
  
   <!--  保存用户聊天记录  -->
   <insert id="saveUserChatRecord" >
    INSERT INTO cp_redPacket(`userid`,`desc`,`creattime`)
	VALUES
	(#{userid},#{desc},#{creattime})
   </insert>
 
 	<!-- 用户聊天室聊天记录 -->
	<select id="findUserChatRecord" resultType="RedPacket">
		SELECT * FROM cp_redpacket
		ORDER BY id DESC
		LIMIT 0,100000000
	</select>
	
	<!-- 按时间删除用户聊天记录 -->
	<delete id="deleteUserChatRecord">
		DELETE FROM cp_redpacket
		WHERE creattime LIKE CONCAT('%',#{time},'%')
	</delete>
	
	<!-- 按照id删除聊天记录 -->
	<delete id="deleteByIdUserChatRecord">
		DELETE FROM cp_redpacket
		WHERE id = #{id}
	</delete>
  
  
  
</mapper>