<?xml version="1.0" encoding="UTF-8"?>
 <!DOCTYPE mapper PUBLIC "-//ibatis.apache.org//DTD Mapper 3.0//EN"      
 "http://ibatis.apache.org/dtd/ibatis-3-mapper.dtd">
 <mapper namespace="com.ja.dao.SystemConfigMapper">

	<!-- 查询所有的系统配置 -->
	<select id="findAllConfig" resultType="Admin">
		SELECT * FROM cp_admin WHERE id=1
	</select>

	<!-- 查询网页状态  -->
	<select id="findWebState" resultType="java.lang.Integer">
		SELECT
			web_state
		FROM
			cp_system_config
		WHERE
			id=1
	</select>
	
	<!-- 网站配置修改 -->
	<update id="updateAllConfig" parameterType="Admin">
		UPDATE cp_admin SET
		<if test="notice!=null">
			notice=#{notice},
		</if>
		<if test="weihukaiguan!=null">
			weihukaiguan=#{weihukaiguan},
		</if>
		<if test="weihuyuanyin!=null">
			weihuyuanyin=#{weihuyuanyin},
		</if>
		<if test="zuhuipkaiguan!=null">
			zuhuipkaiguan=#{zuhuipkaiguan},
		</if>
		<if test="zhangbiankaiguan!=null">
			zhangbiankaiguan=#{zhangbiankaiguan},
		</if>
		<if test="baimingdankaiguan!=null">
			baimingdankaiguan=#{baimingdankaiguan},
		</if>
		<if test="wangzhantitle!=null">
			wangzhantitle=#{wangzhantitle},
		</if>
		<if test="wangzhandomain!=null">
			wangzhandomain=#{wangzhandomain},
		</if>
		<if test="zhuceipcount!=null">
			zhuceipcount=#{zhuceipcount},
		</if>
		<if test="stratchulitime!=null">
			stratchulitime=#{stratchulitime},
		</if>
		<if test="endchulitime!=null">
			endchulitime=#{endchulitime},
		</if>
		<if test="mintikuanjine!=null">
			mintikuanjine=#{mintikuanjine},
		</if>
		<if test="maxtikuanjine!=null">
			maxtikuanjine=#{maxtikuanjine},
		</if>
		<if test="tikuanshixiaotime!=null">
			tikuanshixiaotime=#{tikuanshixiaotime},
		</if>
		<if test="meiritikuancount!=null">
			meiritikuancount=#{meiritikuancount},
		</if>
		<if test="tikuanshifousuccess!=null">
			tikuanshifousuccess=#{tikuanshifousuccess},
		</if>
		<if test="tikuanxiaofeibili!=null">
			tikuanxiaofeibili=#{tikuanxiaofeibili},
		</if>
		<if test="kuaisucunkuanflag!=null">
			kuaisucunkuanflag=#{kuaisucunkuanflag},
		</if>
		<if test="disanfangcunkuanflag!=null">
			disanfangcunkuanflag=#{disanfangcunkuanflag},
		</if>
		<if test="kuaisucunkuannote!=null">
			kuaisucunkuannote=#{kuaisucunkuannote},
		</if>
		<if test="disanfangcunkuannote!=null">
			disanfangcunkuannote=#{disanfangcunkuannote},
		</if>
		<if test="cunkuanshixiaotime!=null">
			cunkuanshixiaotime=#{cunkuanshixiaotime},
		</if>
		<if test="kefuurl!=null">
			kefuurl=#{kefuurl},
		</if>
		<if test="kefusbtime!=null">
			kefusbtime=#{kefusbtime},
		</if>
		<if test="kefuxbtime!=null">
			kefuxbtime=#{kefuxbtime},
		</if>
		<if test="kefuloginxianshi!=null">
			kefuloginxianshi=#{kefuloginxianshi},
		</if>
		<if test="xitongcaicheckms!=null">
			xitongcaicheckms=#{xitongcaicheckms},
		</if>
		<if test="xitongcaizjratio!=null">
			xitongcaizjratio=#{xitongcaizjratio},
		</if>
		<if test="caipiaotouzhums!=null">
			caipiaotouzhums=#{caipiaotouzhums},
		</if>
		<if test="huiyuanchushijine!=null">
			huiyuanchushijine=#{huiyuanchushijine},
		</if>
		<if test="shiwanzhucekaiqi!=null">
			shiwanzhucekaiqi=#{shiwanzhucekaiqi},
		</if>
		<if test="shiwanchushijine!=null">
			shiwanchushijine=#{shiwanchushijine},
		</if>
		<if test="registType!=null">
			registType=#{registType},
		</if>
		<if test="loginType!=null">
			loginType=#{loginType},
		</if>
		<if test="chongzhiType!=null">
			chongzhiType=#{chongzhiType},
		</if>
		<if test="hemai!=null">
			hemai=#{hemai},
		</if>
		<if test="gendan!=null">
			gendan=#{gendan},
		</if>
		<if test="gendancs!=null">
			gendancs=#{gendancs},
		</if>
		<if test="gendanbs!=null">
			gendanbs=#{gendanbs},
		</if>
		<if test="fanshuiContent!=null">
			fanshuiContent=#{fanshuiContent},
		</if>
		<if test="fanshuiPicture!=null">
			fanshuiPicture=#{fanshuiPicture},
		</if>
		<if test="qiandaoflag!=null">
			qiandaoflag=#{qiandaoflag},
		</if>
		<if test="meiriMoney!=null">
			meiriMoney=#{meiriMoney},
		</if>
		<if test="meiyueMoney!=null">
			meiyueMoney=#{meiyueMoney},
		</if>
		<if test="lishiMoney!=null">
			lishiMoney=#{lishiMoney},
		</if>
		<if test="yueMoney!=null">
			yueMoney=#{yueMoney},
		</if>
		<if test="moneyType!=null">
			moneyType=#{moneyType},
		</if>
		<if test="moneySuiji!=null">
			moneySuiji=#{moneySuiji},
		</if>
		<if test="moneySuiji!=null">
			moneySuiji=#{moneySuiji},
		</if>
		<if test="moneyGuding!=null">
			moneyGuding=#{moneyGuding},
		</if>
		<if test="moneySuiji!=null">
			moneySuiji=#{moneySuiji},
		</if>
		<if test="hongbaoflag!=null">
			hongbaoflag=#{hongbaoflag},
		</if>
		<if test="meiriJine!=null">
			meiriJine=#{meiriJine},
		</if>
		<if test="meiyueJine!=null">
			meiyueJine=#{meiyueJine},
		</if>
		<if test="lishiJine!=null">
			lishiJine=#{lishiJine},
		</if>
		<if test="yueJine!=null">
			yueJine=#{yueJine},
		</if>
		<if test="jineSuiji!=null">
			jineSuiji=#{jineSuiji},
		</if>
		<if test="jineGuding!=null">
			jineGuding=#{jineGuding},
		</if>
		<if test="luckyFlag!=null">
			luckyFlag=#{luckyFlag},
		</if>
		<if test="rechargeMoney!=null">
			rechargeMoney=#{rechargeMoney},
		</if>
		<if test="returnMoney!=null">
			returnMoney=#{returnMoney},
		</if>
		<if test="luckyTitle!=null">
			luckyTitle=#{luckyTitle},
		</if>
		<if test="url!=null">
			url=#{url},
		</if>
		<if test="money!=null">
			money=#{money},
		</if>
		<if test="time!=null">
			time=#{time},
		</if>
		<if test="redenvelopes!=null">
			redenvelopes=#{redenvelopes},
		</if>
		<if test="leavingamessage!=null">
			leavingamessage=#{leavingamessage},
		</if>
		<if test="typeofredenvelopes!=null">
			typeofredenvelopes=#{typeofredenvelopes},
		</if>
		<if test="numberofredpackets!=null">
			numberofredpackets=#{numberofredpackets},
		</if>
		<if test="buy1!=null">
			buy1=#{buy1},
		</if>
		<if test="buy2!=null">
			buy2=#{buy2},
		</if>
		<if test="buy3!=null">
			buy3=#{buy3},
		</if>
		<if test="buy4!=null">
			buy4=#{buy4},
		</if>
		<if test="buy5!=null">
			buy5=#{buy5},
		</if>
		<if test="messageFlag!=null">
			messageFlag=#{messageFlag},
		</if>
		<if test="drawingRatio!=null">
			drawingRatio=#{drawingRatio},
		</if>
		<if test="dcountFlag!=null">
			dcountFlag=#{dcountFlag},
		</if>
		<if test="dcountMoney!=null">
			dcountMoney=#{dcountMoney},
		</if>
		<if test="dluckCount!=null">
			dluckCount=#{dluckCount},
		</if>
		<if test="dluckFlag!=null">
			dluckFlag=#{dluckFlag},
		</if>
		<if test="xluckCount!=null">
			xluckCount=#{xluckCount},
		</if>
		<if test="xluckFlag!=null">
			xluckFlag=#{xluckFlag},
		</if>
		<if test="chatroomFlag!=null">
			chatroomFlag=#{chatroomFlag},
		</if>
		<if test="receiveAReturnPoint!=null">
			receiveAReturnPoint=#{receiveAReturnPoint},
		</if>
		<if test="pc_notice!=null">
			pc_notice=#{pc_notice},
		</if>
		<if test="logo!=null">
			logo=#{logo},
		</if>
		<if test="pc_welcome!=null">
			pc_welcome=#{pc_welcome},
		</if>
		<if test="pc_wechat!=null">
			pc_wechat =#{pc_wechat},
		</if>
		<if test="agent_flag!=null">
			agent_flag =#{agent_flag},
		</if>
		<if test="minimumOdds != null">
			minimumOdds = #{minimumOdds},
		</if>
		<if test="tips!=null">
			tips =#{tips},
		</if>
		id = 1
		WHERE id = 1
	</update>
	
	<!-- 通过用户ip查找用户  -->
	<select id="findUserByIp" resultType="User" >
		SELECT id FROM cp_user
    	WHERE
    		registerIp=#{0}
    	AND
    		 state = #{1}
    	AND
    	 	registerTime LIKE CONCAT('%',#{2},'%')
	</select>
	
	<!--
	 * 查找所有的入款设置
	 * @return 入款设置集合
	List<IncomeSetting> findAllIncomeSetting(); -->
	<select id="findAllIncomeSetting" resultType="com.ja.domain.IncomeSetting">
		SELECT
			id,interface_name 	AS interfaceName,
			belong_company    	AS belongCompany,
			min_Amount        	AS minAmount,
			max_amount		 	AS maxAmount,
			company_domain	 	AS companyDomain,
			pay_type			AS payType,
			recharge_type		AS rechargeType,
			display_type		AS displayType,
			pay_gateway		 	AS payGateway,
			state,is_default  	AS isDefault,
			sort,operation,
			created_user		AS createdUser
		FROM
			cp_income_setting
	</select>
	
	<!-- 
	 * 查询所有的快速入款设置
	 * @return 快速入款设置集合
	List<FastIncomeSetting> findAllFastIncomeSetting(); -->
	<select id="findAllFastIncomeSetting" resultType="com.ja.domain.FastIncomeSetting">
		SELECT 
			id,interface_name 	AS interfaceName,
			belong_company 		AS belongCompany,
			pay_account 		AS payAccount,
			account_name 		AS accountName,
			min_amount 			AS minAmount,
			max_amount 			AS maxAmount,
			QRcode_path 		AS QRcodePath,
			state,sort,operation,
			created_user		AS createdUser
		FROM
			cp_fast_income_setting
	</select>
	
	<!-- 
	 * 修改收款设置
	 * @param incomeSetting
	 * @return 影响的行数
	Integer updateIncomeSetting(IncomeSetting incomeSetting); -->
	<update id="updateIncomeSetting" parameterType="com.ja.domain.IncomeSetting">
		UPDATE
			cp_income_setting
		SET
		<if test="interfaceName != null">
			interface_name=#{interfaceName},
		</if>
		<if test="belongCompany != null">
			belong_company=#{belongCompany},
		</if>
		<if test="minAmount != null">
			min_amount=#{minAmount},
		</if>
		<if test="maxAmount != null">
			max_amount=#{maxAmount},
		</if>
		<if test="companyDomain != null">
			company_domain=#{companyDomain},
		</if>
		<if test="payType != null">
			pay_type=#{payType},
		</if>
		<if test="rechargeType != null">
			recharge_type=#{rechargeType},
		</if>
		<if test="displayType != null">
			display_type=#{displayType},
		</if>
		<if test="payGateway != null">
			pay_gateway=#{payGateway},
		</if>
		<if test="state != null">
			state=#{state},
		</if>
		<if test="isDefault != null">
			is_default=#{isDefault},
		</if>
		<if test="operation != null">
			operation=#{operation},
		</if>
			created_user=#{createdUser}
		WHERE
			id=#{id}
	</update>
	
	<!-- 
	 * 插入收款设置新数据
	 * @param incomeSetting
	 * @return 影响的行数
	Integer insertIncomeSetting(IncomeSetting incomeSetting); -->
	<insert id="insertIncomeSetting" parameterType="com.ja.domain.IncomeSetting"
		useGeneratedKeys="true" keyProperty="id">
		INSERT INTO
			cp_income_setting(
				interface_name,
				belong_company,
				min_Amount,
				max_amount,
				company_domain,
				pay_type,
				recharge_type,
				display_type,
				pay_gateway,
				state,is_default,
				sort,operation,
				created_user
			)
		VALUES(
			#{interfaceName},
			#{belongCompany},
			#{minAmount},
			#{maxAmount},
			#{companyDomain},
			#{payType},
			#{rechargeType},
			#{displayType},
			#{payGateway},
			#{state},#{isDefault},
			#{sort},#{operation},
			#{createdUser}
		)
	
	</insert>
	
	<!-- 
	 * 修改快速收款设置
	 * @param fastIncomeSetting
	 * @return 修改数据影响数据库的行数
	Integer updateFastIncomeSetting(FastIncomeSetting fastIncomeSetting); -->
	<update id="updateFastIncomeSetting" parameterType="com.ja.domain.FastIncomeSetting">
		UPDATE
			cp_fast_income_setting
		SET
		<if test="interfaceName !=null">
			interface_name=#{interfaceName},
		</if>
		<if test="belongCompany != null">
			belong_company=#{belongCompany},
		</if>
		<if test="payAccount != null">
			pay_account=#{payAccount},
		</if>
		<if test="accountName != null">
			account_name=#{accountName},
		</if>
		<if test="minAmount != null">
			min_amount=#{minAmount},
		</if>
		<if test="maxAmount != null">
			max_amount=#{maxAmount},
		</if>
		<if test="QRcodePath != null">
			QRcode_path=#{QRcodePath},
		</if>
		<if test="state != null">
			state=#{state},
		</if>
		<if test="sort != null">
			sort=#{sort},
		</if>
		<if test="operation != null">
			operation=#{operation},
		</if>
			created_user=#{createdUser}
		WHERE
			id=#{id}
	</update>
	
	<!-- 
	 * 插入快速收款设置的数据
	 * @param fastIncomeSetting
	 * @return 插入数据影响数据库的行数
	Integer insertFastIncomeSetting(FastIncomeSetting fastIncomeSetting); -->
	<insert id="insertFastIncomeSetting" useGeneratedKeys="true" keyProperty="id" parameterType="com.ja.domain.FastIncomeSetting">
		INSERT INTO
			cp_fast_income_setting(
				interface_name,
				belong_company,
				pay_account,
				account_name,
				min_amount,
				max_amount,
				QRcode_path,
				state,sort,operation,
				created_user
			) VALUES(
				#{interfaceName},
				#{belongCompany},
				#{payAccount},
				#{accountName},
				#{minAmount},
				#{maxAmount},
				#{QRcodePath},
				#{state},#{sort},#{operation},
				#{createdUser}
			)
		
	</insert>
	
	<!-- 
	 * 通过id找到入款设置对象
	 * @param id
	 * @return 入款设置
	IncomeSetting findIncomeSettingById(Integer id); -->
	<select id="findIncomeSettingById" resultType="com.ja.domain.IncomeSetting">
		SELECT
			id,interface_name 	AS interfaceName,
			belong_company    	AS belongCompany,
			min_Amount        	AS minAmount,
			max_amount		 	AS maxAmount,
			company_domain	 	AS companyDomain,
			pay_type			AS payType,
			recharge_type		AS rechargeType,
			display_type		AS displayType,
			pay_gateway		 	AS payGateway,
			state,is_default  	AS isDefault,
			sort,operation,
			created_user		AS createdUser
		FROM
			cp_income_setting
		WHERE
			id=#{id}
	</select>
	
	<!--
	 * 通过id找到快速入款设置对象
	 * @param id
	 * @return 快速入款设置
	FastIncomeSetting findFastIncomeSettingById(Integer id); -->
	<select id="findFastIncomeSettingById" resultType="com.ja.domain.FastIncomeSetting">
		SELECT
			id,interface_name 	AS interfaceName,
			belong_company 		AS belongCompany,
			pay_account 		AS payAccount,
			account_name 		AS accountName,
			min_amount 			AS minAmount,
			max_amount 			AS maxAmount,
			QRcode_path 		AS QRcodePath,
			state,sort,operation,
			created_user		AS createdUser
		FROM
			cp_fast_income_setting
		WHERE
			id=#{id}
	</select>
	
	<!--
	 * 根据条件找到所有的用户
	 * @param type
	 * @param start
	 * @return 用户
	List<User> findUser(String type); -->
	<select id="findUser" resultType="com.ja.domain.User">
		SELECT
			id,name,nicheng,pass,avatar,qq,createtime,
    		balance,fid,icode,money,lastTime,
    		notTime,registerIp,lastIp,state
    	FROM
    		cp_user
    	WHERE
    		id is not null
    	<if test=" 'vip' == type">
    		AND icode IS NULL
    	</if>
    	<if test=" 'agency'==type ">
    		AND icode IS NOT NULL
    	</if>
	</select>
	
	<!--
	 * 插入白名单
	 * @return 影响数据库的行数
	Integer insertWhiteList(WhiteList whiteList); -->
	<insert id="insertWhiteList" parameterType="com.ja.domain.WhiteList" useGeneratedKeys="true" keyProperty="id">
		INSERT INTO
			cp_white_list(
				ip,
				created_time,
				created_user
			) VALUES (
				#{ip},
				#{createdTime},
				#{createdUser}
			)
	</insert>
	
	<!--
	 * 查找所有的白名单
	 * @return WhiteList集合
	List<WhiteList> findAllWhiteList(); -->
	<select id="findAllWhiteList" resultType="com.ja.domain.WhiteList">
		SELECT
			id,ip,status,
			created_time	AS createdTime,
			operation,
			created_user	AS createdUser
		FROM
			cp_white_list
	</select>
	
	<!--
	 * 更新白名单状态
	 * @param id
	 * @param status
	 * @return
	Integer updateWhiteListStatus(@Param("id") Integer id,@Param("status") Integer status); -->
	<update id="updateWhiteListStatus">
		UPDATE
			cp_white_list
		SET
			status=#{status}
		WHERE
			id=#{id}
	</update>
	
	<!--
	 * 通过ip寻找白名单对象
	 * @param ip
	 * @return WhiteList
	 */
	WhiteList FindWhiteListByIP(String ip); -->
	<select id="findWhiteListByIP" resultType="com.ja.domain.WhiteList">
		SELECT
			id,ip,status,
			created_time AS createdTime,
			operation,
			created_user AS createdUser
		FROM
			cp_white_list
		WHERE
			ip=#{ip}
	</select>
	
	<!--
	 * 根据id删除白名单
	 * @param id
	 * @return 影响数据库的行数
	Integer deleteWhiteList(Integer id); -->
	<delete id="deleteWhiteList">
		DELETE FROM
			cp_white_list
		WHERE
			id=#{id}
	</delete>
	
	<!--
	 * 添加绑定域名的数据
	 * @param parkedDomains
	 * @return 影响的行数
	Integer insertParkedDomains(ParkedDomains parkedDomains); -->
	<insert id="insertParkedDomains" parameterType="com.ja.domain.ParkedDomains" 
		useGeneratedKeys="true" keyProperty="id">
		INSERT INTO
			cp_parked_domains(
				domain,default_agency,
				default_index,created_time,
				created_user
			) values (
				#{domain},#{defaultAgency},
				#{defaultIndex},#{createdTime},#{createdUser}
			)
	</insert>
	
	<!--
	 * 根据条件查询所有的绑定域名
	 * @param domain
	 * @param agency
	 * @return 绑定域名的集合
	List<ParkedDomains> findAllParkedDomains(String domain,String agency); -->
	<select id="findAllParkedDomains" resultType="com.ja.domain.ParkedDomains">
		SELECT 
			id,domain,
			default_agency 		AS defaultAgency,
			domain_status 		AS domainStatus,
			default_index		AS defaultIndex,
			created_time		AS createdTime,
			operation,
			created_user		AS createdUser
		FROM
			cp_parked_domains
		<where>
			<if test="id != null">
				id=#{id}
			</if>
			<if test="domain != null and domain != '' ">
				AND domain like '%${domain}%'
			</if>
			<if test="agency != null and agency != ''">
				AND default_agency = #{agency}
			</if>
		</where>
	</select>
	
	
	<select id="findAllParkedDomains1" resultType="com.ja.domain.ParkedDomains">
		SELECT 
			id,domain,
			default_agency 		AS defaultAgency,
			domain_status 		AS domainStatus,
			default_index		AS defaultIndex,
			created_time		AS createdTime,
			operation,
			created_user		AS createdUser
		FROM
			cp_parked_domains
		<where>
		    domain_status = 1
			<if test="id != null">
				id=#{id}
			</if>
			<if test="domain != null">
				AND domain like '%${domain}%'
			</if>
			<if test="agency != null">
				AND default_agency=#{agency}
			</if>
		</where>
	</select>
	
	<!--
	 * 修改代理的状态
	 * @param id
	 * @param status
	 * @return 影响数据库的行数
	Integer updateDomainStatus(Integer id,Integer status); -->
	<update id="updateDomainStatus">
		UPDATE
			cp_parked_domains
		SET
			domain_status=#{status}
		WHERE
			id=#{id}
	</update>
	
	<!--
	 * 修改代理
	 * @param id
	 * @return 影响数据库行数
	Integer updateDomain(Integer id); -->
	<update id="updateDomain" parameterType="com.ja.domain.ParkedDomains">
		UPDATE
			cp_parked_domains
		SET
			<if test="domain != null and domain !='' ">
				domain = #{domain},
			</if>
			<if test="defaultAgency != null">
				default_agency=#{defaultAgency},
			</if>
			<if test="defaultIndex != null">
				default_index=#{defaultIndex},
			</if>
				created_user=#{createdUser}
		WHERE
			id=#{id}
	</update>
	
	<!--
	 * 删除绑定的域名
	 * @param id
	 * @return
	Integer deleteDomain(Integer id); -->
	<delete id="deleteDomain">
		DELETE FROM
			cp_parked_domains
		WHERE
			id=#{id}
	</delete>
	
	<!--
	 * 根据条件找到所有的用户
	 * @param type
	 * @param account
	 * @param icode
	 * @return
	User findUserList(); -->
	<select id="findUserList" resultType="com.ja.domain.User">
		SELECT
			id,name,nicheng,pass,avatar,qq,createtime,
    		balance,fid,icode,money,lastTime,
    		notTime,registerIp,lastIp,state,agent_id AS agentId
    	FROM
    		cp_user
    	<where>
	    	<if test=" 'vip' == type">
    			AND icode IS NULL
    		</if>
	    	<if test=" 'agency'==type ">
	    		AND icode IS NOT NULL
	    	</if>
    		<if test="account!=null">
    			AND name LIKE '%${account}%'
    		</if>
    		<if test="icode!=null and ''!=icode ">
    			AND icode=#{icode}
    		</if>
    	</where>
	</select>
	
	<!-- /** 代理用户注册 */
	Integer register(Agent agent); -->
	<insert id="register">
		INSERT INTO 
			cp_agent(username,password,real_name,phone,email,qq,bank_name,bank_account,bank_address,rebate)
		VALUES(#{username},#{password}, #{realName},#{phone},#{email}, #{qq},#{bankName},#{bankAccount}, #{bankAddress},#{rebate})
	</insert>
	
	<!--
	 * 根据用户名找到Agent对象
	 * @param username
	 * @return
	Agent findAgentByUsername(String username); -->
	<select id="findAgentByUsername" resultType="com.ja.domain.Agent">
		SELECT
			id,username,password,
			domain_id 			AS domainId,
			created_time		AS createdTime,
			created_user		AS createdUser,
			balance,
			real_name			AS realName,
			phone,email,qq,
			bank_name			AS bankName,
			bank_account		AS bankAccount,
			bank_address		AS bankAddress,
			status,rebate,
			rebate_money 		AS rebateMoney
		FROM
			cp_agent
		WHERE
			username=#{username}
	</select>
	
	<!--
	 * 查找所有的总代理
	 * @return 代理列表
	List<Agent> allAgentList(); -->
	<select id="allAgentList" resultType="com.ja.domain.Agent">
		SELECT
			id,username,
			password,
			domain_id		AS domainId,
			created_time	AS createdTime,
			created_user	AS createdUser,
			balance,
			real_name		AS realName,
			phone,email,qq,
			bank_name		AS bankName,
			bank_account	AS bankAccount,
			bank_address	AS bankAddress,
			status,rebate,
			rebate_money 	AS rebateMoney
		FROM
			cp_agent
	</select>
	
	<!--
	 * 根据id查总代理
	 * @return 代理列表
	List<Agent> findAgentById(Integer id); -->
	<select id="findAgentById" resultType="com.ja.domain.Agent">
		SELECT
			id,username,
			password,
			domain_id		AS domainId,
			created_time	AS createdTime,
			created_user	AS createdUser,
			balance,
			real_name		AS realName,
			phone,email,qq,
			bank_name		AS bankName,
			bank_account	AS bankAccount,
			bank_address	AS bankAddress,
			status,rebate,
			rebate_money 	AS rebateMoney
		FROM
			cp_agent
		WHERE
			id=#{id}
	</select>
	
	<!-- 修改总代理信息 -->
	<update id="editAgent" parameterType="com.ja.domain.Agent">
		UPDATE
			cp_agent
		SET
			<if test=" password!=null">
				password=#{password},
			</if>
			<if test=" domainId!=null">
				domain_id=#{domainId},
			</if>
			<if test=" createdTime!=null">
				created_time=#{createdTime},
			</if>
			<if test=" createdUser!=null">
				created_user=#{createdUser},
			</if>
			<if test=" balance!=null">
				balance=#{balance},
			</if>
			<if test=" realName!=null">
				real_name=#{realName},
			</if>
			<if test=" phone!=null">
				phone=#{phone},
			</if>
			<if test=" email!=null">
				email=#{email},
			</if>
			<if test=" qq!=null">
				qq=#{qq},
			</if>
			<if test=" bankName!=null">
				bank_name=#{bankName},
			</if>
			<if test=" bankAccount!=null">
				bank_account=#{bankAccount},
			</if>
			<if test=" bankAddress!=null">
				bank_address=#{bankAddress},
			</if>
			<if test=" rebate!=null ">
				rebate=#{rebate},
			</if>
			<if test="status!=null">
				status=#{status},
			</if>
			<if test="rebateMoney!=null">
				rebate_money=#{rebateMoney},
			</if>
			id=#{id}
		WHERE
			id=#{id}
	</update>
	
	<!-- 查询开启的总代理名称 -->
	<select id="findOpenAgent" resultType="java.lang.String">
	SELECT username FROM cp_agent WHERE status = 1
	</select>
	
	<!--  删除总代理帐号 -->
	<delete id="deleteGeneralAgent">
	DELETE FROM cp_agent WHERE id = #{id}
	</delete>
	
	<!-- 查询总代理相关的域名id -->
	<select id="findByIdAllParkedDomainsId" resultType="java.lang.Integer">
	SELECT id FROM cp_parked_domains WHERE default_agency =#{name}
	</select>
	
	<!-- 批量删除代理的域名 -->
	<delete id="deleteBatchDomain">
	DELETE FROM cp_parked_domains
	WHERE id IN
	<foreach collection="ids" item="id" open="(" close=")" separator=",">
		#{id}
	</foreach>
	</delete>
	
	<!-- 根据域名查询域名 -->
	<select id="findOneParkedDomains" resultType="ParkedDomains">
	SELECT * FROM cp_parked_domains WHERE domain = #{domain}
	</select>
	
	<update id="receiveAReturnPoint">
		update cp_admin set receiveAReturnPoint=#{receiveAReturnPoint}
	</update>
	
	<!-- 查询刚注册的总代理id  -->
	<select id="findDescLimit" resultType="Agent">
	SELECT id FROM cp_agent ORDER BY id DESC LIMIT 1
	</select>
	
	<!--  查询可以添加域名的代理   -->
	<select id="findByStateGeneralAgentList" resultType="java.lang.String">
	SELECT username FROM cp_agent WHERE status = 1
	</select>
	
	<!--  查询手机端页面更新配置 -->
	<select id="findSystemUpdatePage" resultType="UpDataPage">
		SELECT * FROM cp_upDataPage
	</select>
	<!-- 修改手机端页面更新配置   -->
	<update id="updateSystemPage">
		<foreach collection="upDataPage" item="p"  separator=";">
		UPDATE cp_upDataPage 
			<set>
				<if test="p.value != null">
					value = #{p.value},
				</if>
			</set>
			WHERE page = #{p.page}
		</foreach>
	</update>
	
 </mapper> 