<?xml version="1.0" encoding="UTF-8"?>
 <!DOCTYPE mapper PUBLIC "-//ibatis.apache.org//DTD Mapper 3.0//EN"      
 "http://ibatis.apache.org/dtd/ibatis-3-mapper.dtd">
<mapper namespace="com.ja.dao.TodayRecordMapper">

	<!-- 添加今天的运营记录 -->
	<insert id="insertTodayRecord" parameterType="TodayRecord">
		INSERT INTO cp_today_record
		(name,cptouzhu,xtctouzhu,cpchedan,xtcchedan,cppaijiang,xitcpaijiang,hjtuihuan,tmbfanshui,cpyichang,xtcyichang,dmzengjia,dmkouchu,mrfanshui,myfanshui
		,dlfandian,mrqiandao,xyzhuanpan,hblingqu,hbkouchu,zczengsong,czzengsong,hdzengsong,zxchongzhi,rgjiakuan,zxtikuan,rgkoukuan,tkshouxufei,tkshibai,sfxtuihuan,
		bjltouzhu,bjlpaijiang,type,created_time,user_id)
		VALUES
		(#{name},#{cptouzhu},#{xtctouzhu},#{cpchedan},#{xtcchedan},#{cppaijiang},#{xitcpaijiang},#{hjtuihuan},#{tmbfanshui},#{cpyichang},#{xtcyichang},#{dmzengjia},
		#{dmkouchu},#{mrfanshui},#{myfanshui},#{dlfandian},#{mrqiandao},#{xyzhuanpan},#{hblingqu},#{hbkouchu},#{zczengsong},#{czzengsong},#{hdzengsong},
		#{zxchongzhi},#{rgjiakuan},#{zxtikuan},#{rgkoukuan},#{tkshouxufei},#{tkshibai},#{sfxtuihuan},#{bjltouzhu},#{bjlpaijiang},
		#{type},#{created_time},#{user_id})
	</insert>

	<!-- 查询今天的总运营记录 -->
	<select id="findSumTodayRecord" resultType="TodayRecord">
		SELECT  
			IFNULL(SUM(cptouzhu),0) as 'cptouzhu',
			IFNULL(SUM(xtctouzhu),0) as 'xtctouzhu',
			IFNULL(SUM(cpchedan),0) as 'cpchedan',
			IFNULL(SUM(xtcchedan),0) as 'xtcchedan',
			IFNULL(SUM(cppaijiang),0) as 'cppaijiang',
			IFNULL(SUM(xitcpaijiang),0) as 'xitcpaijiang',
			IFNULL(SUM(hjtuihuan),0) as 'hjtuihuan',
			IFNULL(SUM(tmbfanshui),0) as 'tmbfanshui',
			IFNULL(SUM(cpyichang),0) as 'cpyichang',
			IFNULL(SUM(xtcyichang),0) as 'xtcyichang',
			IFNULL(SUM(dmzengjia),0) as 'dmzengjia',
			IFNULL(SUM(dmkouchu),0) as 'dmkouchu',
			IFNULL(SUM(mrfanshui),0) as 'mrfanshui',
			IFNULL(SUM(myfanshui),0) as 'myfanshui', 
			IFNULL(SUM(dlfandian),0) as 'dlfandian',
			IFNULL(SUM(mrqiandao),0) as 'mrqiandao',
			IFNULL(SUM(xyzhuanpan),0) as 'xyzhuanpan',
			IFNULL(SUM(hblingqu),0) as 'hblingqu',
			IFNULL(SUM(hbkouchu),0) as 'hbkouchu',
			IFNULL(SUM(czzengsong),0) as 'czzengsong',
			IFNULL(SUM(zczengsong),0) as 'zczengsong',
			IFNULL(SUM(hdzengsong),0) as 'hdzengsong',
			IFNULL(SUM(zxchongzhi),0) as 'zxchongzhi',
			IFNULL(SUM(rgjiakuan),0) as 'rgjiakuan',
			IFNULL(SUM(zxtikuan),0) as 'zxtikuan',
			IFNULL(SUM(rgkoukuan),0) as 'rgkoukuan',
			IFNULL(SUM(tkshouxufei),0) as 'tkshouxufei',
			IFNULL(SUM(tkshibai),0) as 'tkshibai' ,
			IFNULL(SUM(sfxtuihuan),0) as 'sfxtuihuan',
			IFNULL(SUM(bjltouzhu),0) as 'bjltouzhu',
			IFNULL(SUM(bjlpaijiang),0) as 'bjlpaijiang'
		FROM
		cp_today_record
		ORDER BY id DESC
	</select>

	<!-- 查询今天的运营记录 -->
	<select id="findTodayRecord" resultType="TodayRecord">
		SELECT * FROM
		cp_today_record
		WHERE
		    type = #{0} 
		ORDER BY id DESC
	</select>

	<!-- 查询某一段时间的总运营记录 -->
	<select id="findSumTermRecord" resultType="TodayRecord">
		SELECT 
			IFNULL(SUM(cptouzhu),0) as 'cptouzhu',
			IFNULL(SUM(xtctouzhu),0) as 'xtctouzhu',
			IFNULL(SUM(cpchedan),0) as 'cpchedan',
			IFNULL(SUM(xtcchedan),0) as 'xtcchedan',
			IFNULL(SUM(cppaijiang),0) as 'cppaijiang',
			IFNULL(SUM(xitcpaijiang),0) as 'xitcpaijiang',
			IFNULL(SUM(hjtuihuan),0) as 'hjtuihuan',
			IFNULL(SUM(tmbfanshui),0) as 'tmbfanshui',
			IFNULL(SUM(cpyichang),0) as 'cpyichang',
			IFNULL(SUM(xtcyichang),0) as 'xtcyichang',
			IFNULL(SUM(dmzengjia),0) as 'dmzengjia',
			IFNULL(SUM(dmkouchu),0) as 'dmkouchu',
			IFNULL(SUM(mrfanshui),0) as 'mrfanshui',
			IFNULL(SUM(myfanshui),0) as 'myfanshui', 
			IFNULL(SUM(dlfandian),0) as 'dlfandian',
			IFNULL(SUM(mrqiandao),0) as 'mrqiandao',
			IFNULL(SUM(xyzhuanpan),0) as 'xyzhuanpan',
			IFNULL(SUM(hblingqu),0) as 'hblingqu',
			IFNULL(SUM(hbkouchu),0) as 'hbkouchu',
			IFNULL(SUM(czzengsong),0) as 'czzengsong',
			IFNULL(SUM(zczengsong),0) as 'zczengsong',
			IFNULL(SUM(hdzengsong),0) as 'hdzengsong',
			IFNULL(SUM(zxchongzhi),0) as 'zxchongzhi',
			IFNULL(SUM(rgjiakuan),0) as 'rgjiakuan',
			IFNULL(SUM(zxtikuan),0) as 'zxtikuan',
			IFNULL(SUM(rgkoukuan),0) as 'rgkoukuan',
			IFNULL(SUM(tkshouxufei),0) as 'tkshouxufei',
			IFNULL(SUM(tkshibai),0) as 'tkshibai' ,
			IFNULL(SUM(sfxtuihuan),0) as 'sfxtuihuan'
		FROM
		cp_today_record
		<where>
			<if test="name!=null">
				name = #{name}
			</if>
			<if test="date1!=null and date2 != null and name != null">
				AND <![CDATA[  created_time >#{date1} and created_time<#{date2} ]]> 
			</if>
			<if test="date1!=null and date2 != null and name == null">
				 <![CDATA[  created_time >#{date1} and created_time<#{date2} ]]> 
			</if>
		</where>
	</select>

	<!-- 查询某一段时间的运营记录 -->
	<select id="findTermRecord" resultType="TodayRecord">
		SELECT * FROM cp_today_record
		WHERE type = #{type}
			<if test="name!=null">
				AND name = #{name}
			</if>
			<if test="date1!=null and date2 != null">
				AND <![CDATA[  created_time >#{date1} and created_time<#{date2} ]]> 
			</if>
	</select>

	<!-- 查询个人情况  -->
	<select id="findOneSumRecord" resultType="TodayRecord">
		SELECT 
			IFNULL(SUM(cptouzhu),0) as cptouzhu,
			IFNULL(SUM(xtctouzhu),0) as xtctouzhu,
			IFNULL(SUM(cpchedan),0) as cpchedan,
			IFNULL(SUM(xtcchedan),0) as xtcchedan,
			IFNULL(SUM(zxchongzhi),0) as zxchongzhi,
			IFNULL(SUM(rgjiakuan),0) as rgjiakuan ,
			IFNULL(SUM(zxtikuan),0) as zxtikuan,
			IFNULL(SUM(rgkoukuan),0) as rgkoukuan
			IFNULL(SUM(tkshibai),0) as tkshibaith ,
		FROM
		cp_today_record
		WHERE user_id = #{user_id}
	</select>
	
	
	
	<!-- 最新的SQL -->
	
	
	<!-- 根据时间查询平台或用户的总计 -->
	<select id="findByTimeAllGlobalReport" resultType="TodayRecord">
		SELECT 
			IFNULL(SUM(cptouzhu),0) as 'cptouzhu',
			IFNULL(SUM(xtctouzhu),0) as 'xtctouzhu',
			IFNULL(SUM(cpchedan),0) as 'cpchedan',
			IFNULL(SUM(xtcchedan),0) as 'xtcchedan',
			IFNULL(SUM(cppaijiang),0) as 'cppaijiang',
			IFNULL(SUM(xitcpaijiang),0) as 'xitcpaijiang',
			IFNULL(SUM(hjtuihuan),0) as 'hjtuihuan',
			IFNULL(SUM(tmbfanshui),0) as 'tmbfanshui',
			IFNULL(SUM(cpyichang),0) as 'cpyichang',
			IFNULL(SUM(xtcyichang),0) as 'xtcyichang',
			IFNULL(SUM(dmzengjia),0) as 'dmzengjia',
			IFNULL(SUM(dmkouchu),0) as 'dmkouchu',
			IFNULL(SUM(mrfanshui),0) as 'mrfanshui',
			IFNULL(SUM(myfanshui),0) as 'myfanshui', 
			IFNULL(SUM(dlfandian),0) as 'dlfandian',
			IFNULL(SUM(mrqiandao),0) as 'mrqiandao',
			IFNULL(SUM(xyzhuanpan),0) as 'xyzhuanpan',
			IFNULL(SUM(hblingqu),0) as 'hblingqu',
			IFNULL(SUM(hbkouchu),0) as 'hbkouchu',
			IFNULL(SUM(czzengsong),0) as 'czzengsong',
			IFNULL(SUM(zczengsong),0) as 'zczengsong',
			IFNULL(SUM(hdzengsong),0) as 'hdzengsong',
			IFNULL(SUM(zxchongzhi),0) as 'zxchongzhi',
			IFNULL(SUM(rgjiakuan),0) as 'rgjiakuan',
			IFNULL(SUM(zxtikuan),0) as 'zxtikuan',
			IFNULL(SUM(rgkoukuan),0) as 'rgkoukuan',
			IFNULL(SUM(tkshouxufei),0) as 'tkshouxufei',
			IFNULL(SUM(tkshibai),0) as 'tkshibai' ,
			IFNULL(SUM(sfxtuihuan),0) as 'sfxtuihuan',
			IFNULL(SUM(bjltouzhu),0) as bjltouzhu,
			IFNULL(SUM(bjlpaijiang),0) as bjlpaijiang
		FROM
			cp_today_record
			WHERE type = #{type}
			<if test="name != '' ">
				AND name = #{name}
			</if>
			<if test="date1 !='' and date2 != '' ">
				AND created_time BETWEEN #{date1} AND DATE_ADD(#{date2},INTERVAL 1 DAY)
			</if>
			<if test="date1 !='' and date2 == '' ">
				AND created_time LIKE CONCAT('%',#{date1},'%')
			</if>
	</select>
	
	<!-- 根据时间和用户id查询统计情况 -->
	<select id="findByTimeUserIdYesterdayTotal" resultType="TodayRecord">
	SELECT id FROM cp_today_record
	WHERE 
		user_id = #{user_id}
	AND
		created_time LIKE CONCAT('%',#{date},'%')
	</select>
	
		<!-- 根据时间查询平台或用户的总计 -->
	<select id="findByIdTimeAllGlobalReport" resultType="TodayRecord">
		SELECT 
			IFNULL(SUM(cptouzhu),0) as 'cptouzhu',
			IFNULL(SUM(xtctouzhu),0) as 'xtctouzhu',
			IFNULL(SUM(cpchedan),0) as 'cpchedan',
			IFNULL(SUM(xtcchedan),0) as 'xtcchedan',
			IFNULL(SUM(cppaijiang),0) as 'cppaijiang',
			IFNULL(SUM(xitcpaijiang),0) as 'xitcpaijiang',
			IFNULL(SUM(hjtuihuan),0) as 'hjtuihuan',
			IFNULL(SUM(tmbfanshui),0) as 'tmbfanshui',
			IFNULL(SUM(cpyichang),0) as 'cpyichang',
			IFNULL(SUM(xtcyichang),0) as 'xtcyichang',
			IFNULL(SUM(dmzengjia),0) as 'dmzengjia',
			IFNULL(SUM(dmkouchu),0) as 'dmkouchu',
			IFNULL(SUM(mrfanshui),0) as 'mrfanshui',
			IFNULL(SUM(myfanshui),0) as 'myfanshui', 
			IFNULL(SUM(dlfandian),0) as 'dlfandian',
			IFNULL(SUM(mrqiandao),0) as 'mrqiandao',
			IFNULL(SUM(xyzhuanpan),0) as 'xyzhuanpan',
			IFNULL(SUM(hblingqu),0) as 'hblingqu',
			IFNULL(SUM(hbkouchu),0) as 'hbkouchu',
			IFNULL(SUM(czzengsong),0) as 'czzengsong',
			IFNULL(SUM(zczengsong),0) as 'zczengsong',
			IFNULL(SUM(hdzengsong),0) as 'hdzengsong',
			IFNULL(SUM(zxchongzhi),0) as 'zxchongzhi',
			IFNULL(SUM(rgjiakuan),0) as 'rgjiakuan',
			IFNULL(SUM(zxtikuan),0) as 'zxtikuan',
			IFNULL(SUM(rgkoukuan),0) as 'rgkoukuan',
			IFNULL(SUM(tkshouxufei),0) as 'tkshouxufei',
			IFNULL(SUM(tkshibai),0) as 'tkshibai' ,
			IFNULL(SUM(sfxtuihuan),0) as 'sfxtuihuan',
			IFNULL(SUM(bjltouzhu),0) as bjltouzhu,
			IFNULL(SUM(bjlpaijiang),0) as bjlpaijiang
		FROM
			cp_today_record
			WHERE 
				type = 2
			AND 
				user_id IN (${ids}) 
			<if test="date1 !='' and date2 != '' ">
			AND 
				created_time BETWEEN #{date1} AND DATE_ADD(#{date2},INTERVAL 1 DAY)
			</if>
			<if test="date1 !='' and date2 == '' ">
			AND
				 created_time LIKE CONCAT('%',#{date1},'%')
			</if>
	</select>

</mapper> 