<?xml version="1.0" encoding="UTF-8" ?>  
<!DOCTYPE mapper PUBLIC "-//ibatis.apache.org//DTD Mapper 3.0//EN"      
 "http://ibatis.apache.org/dtd/ibatis-3-mapper.dtd">
<mapper namespace="com.ja.dao.UserMapper">

	<!--查询用户所有信息 -->
	<select id="getAllUsers" resultType="com.ja.domain.User">
		SELECT * FROM cp_user
		WHERE
		state IN(1,3)
		ORDER BY id DESC
	</select>

	<!--根据id查询用户 -->
	<select id="getUserByid" resultType="com.ja.domain.User">
		SELECT * FROM cp_user
		WHERE
			id = #{user_id}
	</select>
	<!-- 查询用户的下级一级 -->
	<select id="findFristAgent" resultType="User">
	SELECT id FROM cp_user
	WHERE Fid = #{id}
	</select>
	
	<!--根据上级id查询用户上级 -->
	<select id="findUserSuperior" resultType="User">
		SELECT * FROM cp_user
		WHERE id = #{agent_id}
	</select>

	<!-- 修改用户信息 -->
	<update id="updateUserInfo">
		UPDATE cp_user SET
		<if test="nicheng!=null and nicheng!=''">
			nicheng= #{nicheng},
		</if>
		<if test="pass!=null and pass!=''">
			pass= #{pass},
		</if>
		<if test="avatar!=null and avatar!=''">
			avatar= #{avatar},
		</if>
		<if test="telephone!=null and telephone!=''">
			telephone= #{telephone},
		</if>
		<if test="qq!=null and qq!=''">
			qq= #{qq},
		</if>
		<if test="balance!=null">
			balance= #{balance},
		</if>
		<if test="betacount!=null">
			betacount= #{betacount},
		</if>
		<if test="fid!=null">
			Fid= #{fid},
		</if>
		<if test=" icode!=null">
			icode= #{icode},
		</if>
		<if test=" money!=null">
			money= #{money},
		</if>
		<if test=" lastTime!=null">
			lastTime= #{lastTime},
		</if>
		<if test=" notTime!=null">
			notTime= #{notTime},
		</if>
		<if test=" registerIp!=null ">
			registerIp= #{registerIp},
		</if>
		<if test=" lastIp!=null">
			lastIp= #{lastIp},
		</if>
		<if test=" agent_type!=null ">
			agent_type= #{agent_type},
		</if>
		<if test=" user_type!=null ">
			user_type= #{user_type},
		</if>
		<if test="agent_id!=null ">
			agent_id= #{agent_id},
		</if>
		<if test="statu!=null">
			statu= #{statu},
		</if>
		<if test="state!=null">
			state= #{state},
		</if>
		createTime = #{createtime}
		WHERE
			id = #{id}
	</update>

	<!-- 删除用户 -->
	<update id="delUser">
		update cp_user set state=0 where id=#{id}
	</update>

	<!--根据名称查询用户存不存在 -->
	<select id="checkUser" resultType="com.ja.domain.User">
		select * from cp_user where
		name = #{name}
	</select>

	<!--注册用户 -->
	<insert id="register">
		INSERT INTO cp_user
		(name,nicheng,avatar,pass,balance,Fid,telephone,qq,registerIp,lastIp,registerTime,lastTime,notTime,createTime,odds,remainder,gamePlayer,vip,state)
		VALUES
		(#{name},#{nicheng},#{avatar},#{pass},#{balance},#{fid},#{telephone},#{qq},#{registerIp},#{lastIp},
		#{registerTime},#{lastTime},#{notTime},#{createtime},#{odds},#{remainder},#{gamePlayer},#{vip},#{state})
	</insert>

	<!--添加试玩用户 -->
	<insert id="userTryplay">
		INSERT INTO cp_user
		(name,nicheng,avatar,pass,balance,registerIp,lastIp,registerTime,lastTime,notTime,createTime,odds,state)
		VALUES
		(#{name},#{nicheng},#{avatar},#{pass},#{balance},#{registerIp},#{lastIp},#{registerTime},#{lastTime},
		#{notTime},#{createtime},#{odds},#{state})
	</insert>

	<!--根据用户名和密码查询用户 -->
	<select id="login" resultType="User">
		select * from cp_user where name =
		#{name} and pass = #{pass}
	</select>
	
	<!--查询代理以及会员的数量 -->
	<select id="getAgentOrUserCount" resultType="java.lang.Integer">
	SELECT IFNULL(COUNT(id),0) FROM cp_user
	WHERE state = 1 AND agent_type = #{agent_type}
	</select>

	<!--查询用户今日-昨日注册的人数 -->
	<select id="getRegisterCount" resultType="java.lang.Integer">
		SELECT IFNULL(COUNT(id),0) FROM cp_user
		WHERE
			registerTime LIKE CONCAT('%',#{date},'%')
	</select>

	<!-- 查询所有用户的余额 -->
	<select id="getAllUserBalance" resultType="java.lang.Double">
		SELECT IFNULL(SUM(balance),0) FROM cp_user
		WHERE state = 1
	</select>

	<!-- 查询总共返点 -->
	<select id="getAllAgentRebateTotal" resultType="java.lang.Double">
		SELECT IFNULL(SUM(bdjne),0) FROM cp_liushui
		WHERE bdtype = '代理返点'
	</select>

	<!-- 查询所有的代理 -->
	<select id="getAllAgent" resultType="User">
		SELECT * FROM cp_user
		WHERE
		ICode IS NOT NULL
	</select>
	
	<!-- 查询试玩账号是否到期 -->
	<select id="timingRecovery" resultType="User">
		SELECT * FROM cp_user
		WHERE state = 2
	</select>
	<!-- 回收试玩账号 -->
	<delete id="timeDeleting">
		delete from cp_user where id= #{id}
	</delete>

	<!-- 查询所有的代理 -->
	<select id="findAgentUserList" resultType="User">
		SELECT * FROM cp_user
		WHERE state = 1
	</select>

	<!-- 查询所有的代理 -->
	<select id="findTermAgentList" resultType="User">
		SELECT * FROM cp_user
		WHERE state = 1
		<if test="name!=null and name!=''">
			AND name =#{name}
		</if>
		<if test="icode!=null and icode!=''">
			AND icode = #{icode}
		</if>
	</select>
	
	<!-- 查询所有会员数量 -->
	<select id="findAllUserCounts" resultType="java.lang.Integer">
		<choose>
			 <when test="bankCard != null and bankCard != '' or cname != null and cname != ''">
					<!-- 关联用户银行卡表查询 -->
					SELECT IFNULL(COUNT(u.id),0) FROM cp_user u, cp_bank_card b
					WHERE u.id = b.userid AND  u.state IN(0,1,3)
					<if test="name !=null and name != ''">
						AND u.name = #{name}
					</if>
					<if test="ip != null and ip != ''">
						<!-- 根据ip查询用户 -->
						AND  u.lastIp = #{ip}
					</if>
					<if test="bankCard != null and bankCard != ''">
						<!-- 根据银行卡查询会员 -->
						AND b.bankNum = #{bankCard}
					</if>
					<if test="cname != null and cname != ''">
						<!-- 根据会员开户名查询会员 -->
						AND b.xingming = #{cname}
					</if>
	        </when>
	        <otherwise>
	            <!--如果没有银行卡号和绑定银行卡的姓名 那就是没有在两个条件  就不用关联表查询 -->
	          	SELECT IFNULL(COUNT(id),0) FROM cp_user
				WHERE state IN(0,1,3)
				<if test="name !=null and name != ''">
					AND name = #{name}
				</if>
				<if test="ip != null and ip != ''">
					<!-- 根据ip查询用户 -->
					AND  lastIp = #{ip}
				</if>
	        </otherwise>
		</choose>	        
	</select>
	
	<!-- 
		分页查询所有的会员
		分两个部分查询  根据用户名查询   没有其他的  条件走第一个   如果  什么条件都没有也是走第一个
		如果查询条件里面出现   银行卡  或者  绑定的用户名   那么就要走第二个查询因为  这个关系到了  绑定银行卡的表 需要关联绑定银行卡的表
	 -->
	<select id="findAllUsers" resultType="User">
		<choose>
			 <when test="bankCard != null and bankCard != '' or cname != null and cname != ''">
					<!-- 关联用户银行卡表查询 -->
					SELECT u.* FROM cp_user u, cp_bank_card b
					WHERE u.id = b.userid AND  u.state IN(0,1,3)
					<if test="paging.replace1!=null and paging.replace1 != ''">
						AND u.name = #{paging.replace1}
					</if>
					<if test="ip != null and ip != ''">
						<!-- 根据ip查询用户 -->
						AND  u.lastIp = #{ip}
					</if>
					<if test="bankCard != null and bankCard != ''">
						<!-- 根据银行卡查询会员 -->
						AND b.bankNum = #{bankCard}
					</if>
					<if test="cname != null and cname != ''">
						<!-- 根据会员开户名查询会员 -->
						AND b.xingming = #{cname}
					</if>
					ORDER BY u.id DESC
					LIMIT #{paging.startIndex},#{paging.lineCount}				
	        </when>
	        <otherwise>
	            <!--如果没有银行卡号和绑定银行卡的姓名 那就是没有在两个条件  就不用关联表查询 -->
	          	SELECT * FROM cp_user
				WHERE state IN(0,1,3)
				<if test="paging.replace1!=null and paging.replace1 != ''">
					AND name = #{paging.replace1}
				</if>
				<if test="ip != null and ip != ''">
					<!-- 根据ip查询用户 -->
					AND  lastIp = #{ip}
				</if>
				ORDER BY id DESC
				LIMIT #{paging.startIndex},#{paging.lineCount}
	        </otherwise>
		</choose>
	</select>
	
	<!-- 查询所有用户的推广链接 -->
	<select id="promotionLinks" resultType="java.lang.String">
		select ICode from cp_user WHERE ICode  is not null
	</select>

	<!-- 查询用户是否存在 -->
	<select id="queryWhetherTouristsExist" resultType="Touristy">
		SELECT * FROM cp_touristlist WHERE ip=#{ip}
	</select>
	
	<!-- 创建游客 -->
	<insert id="establish">
		insert into cp_touristList(ip,accessTime,frequency,lastVisitTime,whichPagesWereVisited,firstVisitTime)
		values
		(#{t.ip},#{t.accessTime},#{t.frequency},#{t.lastVisitTime},#{t.whichPagesWereVisited},#{t.firstVisitTime})
	</insert>
	
	<!-- 修改在线游客信息 -->
	<update id="updataTouristy">
		UPDATE cp_touristList SET accessTime=#{t1.accessTime},frequency=#{t1.frequency},lastVisitTime=#{t1.lastVisitTime},
		whichPagesWereVisited=#{t1.whichPagesWereVisited} where ip=#{t1.ip}
	</update>
	
	<!-- 根据条件查询用户的信息 -->
	<select id="findByTimeOrNameAllUsers" resultType="User">
	SELECT * FROM cp_user
	WHERE state IN(1,3)
	<if test="name!=null and name != ''">
	AND name LIKE CONCAT('%',#{name},'%')
	</if>
	<if test="createtime!=null and createtime != '' and registerTime != null and registerTime != ''">
	AND registerTime BETWEEN #{createtime} AND DATE_ADD(#{registerTime},INTERVAL 1 DAY)
	</if>
	</select>
	
	<!--  查询正常用户的id   -->
	<select id="findAllUserIdOrName" resultType="User">
	SELECT id,name FROM cp_user
	WHERE state = 1
	</select>
	<!-- 统计会员总充值金额 -->
	<select id="Statistics" resultType="java.lang.Double">
		SELECT
			SUM(fukuanje)
		FROM
			cp_jine
		WHERE state = '充值成功'
			<if test="name != null and name != ''">
				AND name = #{name}
			</if>
			<if test="id != null">
				AND userid = #{id}
			</if>
	</select>
	<!-- 查询会员vip对照表 -->
	<select id="queryVip" resultType="Vip">
		SELECT
			*
		FROM
			cp_vip
	</select>
	<!-- 修改会员的vip等级 -->
	<update id="upDataVip">
		UPDATE cp_user
			SET vip = #{v.grade}
		WHERE state = 1
			<if test="name != null and name != ''">
				AND name = #{name}			
			</if>
			<if test="id != null">
				AND id = #{id}
			</if>
	</update>
	<!-- 转移用户的上级代理 -->
	<update id="upDataAgen">
		update cp_user set Fid=#{agenId},odds=#{odds},remainder=#{remainder} where id=#{nameId}
	</update>
</mapper>	
