<?xml version="1.0" encoding="UTF-8"?>
 <!DOCTYPE mapper PUBLIC "-//ibatis.apache.org//DTD Mapper 3.0//EN"      
 "http://ibatis.apache.org/dtd/ibatis-3-mapper.dtd">
<mapper namespace="com.ja.dao.XitongcaiJlMapper">

	<!--查询私彩预设信息 -->
	<select id="getPageData" resultType="XitongcaiJl">
		SELECT * FROM cp_data WHERE
		lotterNumber IS NOT NULL
		AND type= 1 AND cName = '2fpk10'
		ORDER BY id DESC
		<if test="model==1">
		LIMIT #{startIndex},#{lineCount} 
		</if>
	</select>

	<!--条件查询私彩预设信息 -->
	<select id="findSystemJl" resultType="XitongcaiJl">
		SELECT
			s.*
		FROM
			(SELECT
					*
				FROM
					cp_data
				WHERE
					cName = #{cname}
					<if test=" period !=null and period !='' ">
						AND period = #{period}
					</if>
					<if test=" date1 !=null and date1 !='' and date2 !=null and date2 !=''">
						AND lotterTime BETWEEN #{date1} AND DATE_ADD(#{date2},INTERVAL 1 DAY)
					</if>
			) AS s
		WHERE
			s. STATUS = 2
		OR s. STATUS = 1
		ORDER BY
			s.id DESC
		<if test="model==1">
			LIMIT #{startIndex},#{lineCount} 
		</if>
	</select>
	
	<!--  查询私彩的记录数 -->
	<select id="getPageDataCounts" resultType="java.lang.Integer">
	SELECT IFNULL(COUNT(id),0) FROM cp_data 
	WHERE
		lotterNumber IS NOT NULL
	AND 
		type= 1 AND cName = '2fpk10'
	</select>
	<!--  -->
	<select id="findSystemJlCounts" resultType="java.lang.Integer">
			SELECT
				IFNULL(COUNT(s.id),0)
			FROM
				(SELECT
					*
				FROM
					cp_data
				WHERE
					cName = #{data.cname}
					<if test=" data.period !=null and data.period !='' ">
						AND period = #{data.period}
					</if>
					<if test=" date1 !=null and date1 !='' and date2!=null and date2 != ''">
						AND lotterTime BETWEEN #{date1} AND DATE_ADD(#{date2},INTERVAL 1 DAY)
					</if>
				) AS s
			WHERE
			s. STATUS = 2
			OR s. STATUS = 1
	</select>

</mapper> 