<beans xmlns="http://www.springframework.org/schema/beans"
	xmlns:context="http://www.springframework.org/schema/context"
	xmlns:p="http://www.springframework.org/schema/p"
	xmlns:aop="http://www.springframework.org/schema/aop"
	xmlns:tx="http://www.springframework.org/schema/tx"
	xmlns:xsi="http://www.w3.org/2001/XMLSchema-instance"
	xsi:schemaLocation="http://www.springframework.org/schema/beans http://www.springframework.org/schema/beans/spring-beans-4.0.xsd
	http://www.springframework.org/schema/context http://www.springframework.org/schema/context/spring-context-4.0.xsd
	http://www.springframework.org/schema/aop http://www.springframework.org/schema/aop/spring-aop-4.0.xsd http://www.springframework.org/schema/tx http://www.springframework.org/schema/tx/spring-tx-4.0.xsd
	http://www.springframework.org/schema/util http://www.springframework.org/schema/util/spring-util-4.0.xsd">

	<!-- 加载jdbc.properties文件(一般加载多个文件时 可考虑使用此方式) --> 
	<bean id="propertyConfigurer"
		class="org.springframework.beans.factory.config.PropertyPlaceholderConfigurer">
		<property name="locations">
			<list>
				<value>classpath:db.properties</value>
			</list>
		</property>
	</bean>

	<!-- 配置DRUID连接池(这个连接池的说明: http://github.com 在搜索栏输入druid查找) 这个stat-filter 是一个可选的配置 -->
	<bean id="dataSource" class="com.alibaba.druid.pool.DruidDataSource" destroy-method="close" init-method="init" lazy-init="true">
		<property name="driverClassName" value="${jdbc.driver}" />
		<property name="url" value="${jdbc.url}" />
		<property name="username" value="${jdbc.username}" />
		<property name="password" value="${jdbc.password}" />
		<!--initialSize: 初始化连接 -->
		<property name="initialSize" value="20" />
		<!--minIdle: 最小空闲连接 -->
		<property name="minIdle" value="10" />
		<!--maxActive: 最大连接数量 -->
		<property name="maxActive" value="1000" />
		<!--removeAbandoned: 是否自动回收超时连接 -->
		<property name="removeAbandoned" value="true" />
		<!--removeAbandonedTimeout: 超时时间(以秒数为单位) -->
		<property name="removeAbandonedTimeout" value="180" />
		<!--maxWait: 超时等待时间以毫秒为单位 30000毫秒/1000等于30秒 -->
		<property name="maxWait" value="30000" />
		<!--配置了maxWait之后，缺省启用公平锁，并发效率会有所下降，如果需要可以通过配置useUnfairLock属性为true使用非公平锁。 -->
		<property name="useUnfairLock" value="true" />
		<property name="defaultReadOnly" value="false" />
		<property name="testOnBorrow">
			<value>true</value>
		</property>
		<!-- validationQuery：检查sql语句 -->
		<property name="validationQuery">
			<value>SELECT 1</value>
		</property>
		<!-- 通过配置StatFilter,打开监控台统计功能 -->
		<property name="filters" value="stat" />
		<property name="connectionProperties" value="druid.stat.mergeSql=true" />
		<property name="useGlobalDataSourceStat" value="true" />
		<property name="proxyFilters">
			<list>
				<ref bean="stat-filter" />
			</list>
		</property>
	</bean>
	
	<!-- 配置慢SQL -->
	<bean id="stat-filter" class="com.alibaba.druid.filter.stat.StatFilter" lazy-init="true">
		<description>状态过滤器</description>
		<!-- 通过slowSqlMillis用来配置慢SQL的标准 -->
		<property name="slowSqlMillis" value="5000" />
		<!-- 以日志形式输出执行效率慢的SQL -->
		<property name="logSlowSql" value="false" />
		<!-- 通过mergeSql属性，合并SQL -->
		<property name="mergeSql" value="true" />
	</bean>
	
	<!-- 让spring管理sqlsessionfactory 使用mybatis和spring整合包中的 -->
	<bean id="sqlSessionFactory" 
		class="org.mybatis.spring.SqlSessionFactoryBean">
		<!-- 数据库连接池 -->
		<property name="dataSource" ref="dataSource" />
		<!-- 加载mybatis的全局配置文件 -->
		<property name="configLocation" value="classpath:mybatis/SqlMapConfig.xml" />
		<property name="mapperLocations" value="classpath*:com/ja/dao/*Mapper.xml" />
	</bean>
	
	<!-- Mapper映射 -->
	<bean class="org.mybatis.spring.mapper.MapperScannerConfigurer">
		<property name="basePackage" value="com.ja.dao" />
		<property name="sqlSessionFactoryBeanName" value="sqlSessionFactory" />
	</bean>
</beans>
