<beans xmlns="http://www.springframework.org/schema/beans"
	xmlns:context="http://www.springframework.org/schema/context" xmlns:p="http://www.springframework.org/schema/p"
	xmlns:aop="http://www.springframework.org/schema/aop" xmlns:tx="http://www.springframework.org/schema/tx"
	xmlns:xsi="http://www.w3.org/2001/XMLSchema-instance"
	xsi:schemaLocation="http://www.springframework.org/schema/beans http://www.springframework.org/schema/beans/spring-beans-4.0.xsd
	http://www.springframework.org/schema/context http://www.springframework.org/schema/context/spring-context-4.0.xsd
	http://www.springframework.org/schema/aop http://www.springframework.org/schema/aop/spring-aop-4.0.xsd http://www.springframework.org/schema/tx http://www.springframework.org/schema/tx/spring-tx-4.0.xsd
	http://www.springframework.org/schema/util http://www.springframework.org/schema/util/spring-util-4.0.xsd">
	<bean id="userService" class="com.ja.sevice.impl.UserServiceImpl" />
	<bean id="lotteryService" class="com.ja.sevice.impl.LotteryServiceImpl"/>
	<bean id="dataService" class="com.ja.sevice.impl.DataServiceImpl"/>
	<bean id="redPacketService" class="com.ja.sevice.impl.RedPacketServiceImpl"/>
	<bean id="orderService" class="com.ja.sevice.impl.OrderServiceImpl"/>
	<bean id="adminService" class="com.ja.sevice.impl.AdminServiceImpl"/>
	<bean id="jointService" class="com.ja.sevice.impl.JointServiceImpl"/>
	<bean id="BjlService" class="com.ja.sevice.impl.BjlServiceImpl"/>
	<bean id="bankService" class="com.ja.sevice.impl.BankServiceImpl"/>
	<bean id="liushuiService" class="com.ja.sevice.impl.LiushuiServiceImpl"/>
	<bean id="managerService" class="com.ja.sevice.impl.BackManagerServiceImpl"/>
	<bean id="jineService" class="com.ja.sevice.impl.JineServiceImpl"/>
	<bean id="damaService" class="com.ja.sevice.impl.DamaServiceImpl"/>
	<bean id="damalService" class="com.ja.sevice.impl.DamalServiceImpl"/>
	<bean id="yunyingbbService" class="com.ja.sevice.impl.YunyingbbServiceImpl"/>
	<bean id="agentService" class="com.ja.sevice.impl.AgentServiceImpl"/>
	<bean id="fanshuiService" class="com.ja.sevice.impl.FanshuiServiceImpl"/>
	<bean id="fanshuiJlService" class="com.ja.sevice.impl.FanshuiJlServiceImpl"/>
	<bean id="keFuService" class="com.ja.sevice.impl.KeFuServiceImpl"/>
	<bean id="kongzhiService" class="com.ja.sevice.impl.KongzhiServiceImpl"/>
	<bean id="BjlhtglService" class="com.ja.sevice.impl.BjlhtglServiceImpl"/>
	<bean id="xitongcaiJlService" class="com.ja.sevice.impl.XitongcaiJlServiceImpl"/>
	<bean id="yunyingJlService" class="com.ja.sevice.impl.YunyingJlServiceImpl"/>
	<bean id="systemConfigService" class="com.ja.sevice.impl.SystemConfigServiceImpl"/>
	<bean id="gendanService" class="com.ja.sevice.impl.GendanServiceImpl"/>
	<bean id="gendanlvService" class="com.ja.sevice.impl.GendanlvServiceImpl"/>
	<bean id="playCountService" class="com.ja.sevice.impl.PlayCountServiceImpl"/>
	<bean id="userAgentService" class="com.ja.sevice.impl.UserAgentServiceImp"/>
	<bean id="activityService" class="com.ja.sevice.impl.ActivityServiceImp"/>
	<bean id="rechargeInterfaceService" class="com.ja.sevice.impl.RechargeInterfaceServiceImpl"/>
	<bean id="depositBankService" class="com.ja.sevice.impl.DepositBankServiceImpl"/>
	<bean id="qqKeFuService" class="com.ja.sevice.impl.QqKeFuServiceImpl"/>
	<bean id="infoNoticeService" class="com.ja.sevice.impl.InfoNoticeServiceImpl"/>
	<bean id="indexPictureService" class="com.ja.sevice.impl.QqKeFuServiceImpl"/>
	<bean id="operationlogService" class="com.ja.sevice.impl.OperationlogServiceImpl"/>
	<bean id="luckyRecordService" class="com.ja.sevice.impl.LuckyRecordServiceImpl"/>
	<bean id="keyWordsService" class="com.ja.sevice.impl.KeyWordsServiceImpl"/>
	<bean id="falseMoneyService" class="com.ja.sevice.impl.FalseMoneyServiceImpl"/>
	<bean id="fMatchService" class="com.ja.sevice.impl.FootBallMatchServiceImpl"/>
	<bean id="fOrderService" class="com.ja.sevice.impl.FootBllOrderServiceImpl"/>
	<bean id="apiService" class="com.ja.sevice.impl.CpDataAPIServiceImpl"/>
	<bean id="AddPaymentService" class="com.ja.sevice.impl.AddPaymentServicelmp"/>
	<bean id="allExplainService" class="com.ja.sevice.impl.AllExplainServiceImpl"/>
	<bean id="agencyCenterSevice" class="com.ja.sevice.impl.AgencyCenterSevicelmpl"/>
</beans>
