<beans xmlns="http://www.springframework.org/schema/beans"  
	xmlns:context="http://www.springframework.org/schema/context" xmlns:p="http://www.springframework.org/schema/p"
	xmlns:aop="http://www.springframework.org/schema/aop" xmlns:tx="http://www.springframework.org/schema/tx"
	xmlns:xsi="http://www.w3.org/2001/XMLSchema-instance"
	xsi:schemaLocation="http://www.springframework.org/schema/beans http://www.springframework.org/schema/beans/spring-beans-4.0.xsd
	http://www.springframework.org/schema/context http://www.springframework.org/schema/context/spring-context-4.0.xsd
	http://www.springframework.org/schema/aop http://www.springframework.org/schema/aop/spring-aop-4.0.xsd http://www.springframework.org/schema/tx http://www.springframework.org/schema/tx/spring-tx-4.0.xsd
	http://www.springframework.org/schema/util http://www.springframework.org/schema/util/spring-util-4.0.xsd">
	
	<!-- 定义事务管理器 对mybatis操作数据库的事务控制，spring使用jdbc控制 -->
	<bean id="transactionManager" class="org.springframework.jdbc.datasource.DataSourceTransactionManager">
		<property name="dataSource" ref="dataSource"></property>
	</bean>
	
	<!-- 开启事物注解管理 -->
	<tx:annotation-driven transaction-manager="transactionManager" proxy-target-class="true"/>
	
	<!-- 拦截器方式配置事物 -->
	<tx:advice id="txAdvice" transaction-manager="transactionManager">
		<tx:attributes>
			 <!-- 插入，修改，删除等操作， 必须要有事务,没有则创建  -->
			<tx:method name="save*" propagation="REQUIRED" />
			<tx:method name="delete*" propagation="REQUIRED" />
			<tx:method name="insert*" propagation="REQUIRED" />
			<tx:method name="update*" propagation="REQUIRED" />
			
			 <!-- 查询操作可以有可以没有 -->
			<tx:method name="find*" propagation="SUPPORTS" read-only="true" />
			<tx:method name="get*" propagation="SUPPORTS" read-only="true" />
			<tx:method name="query*" propagation="SUPPORTS" read-only="true" />
			<tx:method name="select*" propagation="SUPPORTS" read-only="true" />
		</tx:attributes>
	</tx:advice>
	
	<!-- Spring aop事务管理 -->
 	<aop:config>
	 	<aop:advisor advice-ref="txAdvice" pointcut="execution(* com.ja.service.impl.*.*(..))" />
	</aop:config>
</beans>