<?xml version="1.0" encoding="UTF-8"?>
<!--设置log4j2的自身log级别为WARN及输出 加载spring boot启动内部各种详细输出 -->
<!--日志级别以及优先级排序: OFF > FATAL > ERROR > WARN > INFO > DEBUG > TRACE > ALL -->
<!--Configuration后面的status，这个用于设置log4j2自身内部的信息输出，可以不设置， 当设置成trace时，你会看到log4j2内部各种详细输出 -->
<!--monitorInterval：Log4j能够自动检测修改配置 文件和重新配置本身，设置间隔秒数 -->
<Configuration status="INFO" monitorInterval="1800">
	<!--全局属性 -->
	<Properties>
	 <!-- 配置日志文件输出目录，此配置将日志输出到tomcat根目录下的指定文件夹 -->
		<Property name="APP_NAME">cp</Property>
		<!--存放日志的路径地址 -->
		<Property name="LOG_FILE_PATH">D:/logs/${APP_NAME}</Property>
		<!--输出日志的格式 -->
		<Property name="PATTERN_FORMAT">%d{yyyy-MM-dd HH:mm:ss.SSS} [%p] [%t] [%c] %msg%n</Property>
	</Properties>
 <!-- 优先级从高到低分别是 OFF、FATAL、ERROR、WARN、INFO、DEBUG、ALL -->
        <!-- 单词解释： Match：匹配 DENY：拒绝 Mismatch：不匹配 ACCEPT：接受 -->
        <!-- DENY，日志将立即被抛弃不再经过其他过滤器； NEUTRAL，有序列表里的下个过滤器过接着处理日志； ACCEPT，日志会被立即处理，不再经过剩余过滤器。 -->
        <!--输出日志的格式
         %d{yyyy-MM-dd HH:mm:ss, SSS} : 日志生产时间
         %p : 日志输出格式
         %c : logger的名称 
         %m : 日志内容，即 logger.info("message") 
         %n : 换行符 
         %C : Java类名
         %L : 日志输出所在行数 
         %M : 日志输出所在方法名 
  -->
	<Appenders>
		<!--输出到控制台 -->
		<!--这个输出控制台的配置，这里输出除了warn和error级别的信息到System.out -->
		<Console name="Console" target="SYSTEM_OUT">
		 <!-- 控制台只输出level及以上级别的信息(onMatch),其他的直接拒绝(onMismatch) . -->
            <ThresholdFilter level="OFF" onMatch="ACCEPT" onMismatch="DENY" />
			<PatternLayout>
                <pattern>${PATTERN_FORMAT}</pattern>
            </PatternLayout>
		</Console>

		<!--文件会打印出所有信息，这个log每次运行程序会自动清空，由append属性决定，适合临时测试用 -->
		<File name="log" fileName="${LOG_FILE_PATH}/cp.log" append="false">
			<PatternLayout>
                <pattern>${PATTERN_FORMAT}</pattern>
            </PatternLayout>
		</File>

		<!--输出到文件 用来定义超过指定大小自动删除旧的创建新的的Appender. -->
		<RollingFile name="RollingInfoFile" fileName="${LOG_FILE_PATH}/info.log" filePattern="${LOG_FILE_PATH}/$${date:yyyyMM}/info-%d{yyyyMMdd}-%i.log.gz">
			<!--控制台只输出level及以上级别的信息（onMatch），其他的直接拒绝（onMismatch） -->
			<Filters>
				<ThresholdFilter level="warn" onMatch="DENY" onMismatch="NEUTRAL" />
				<ThresholdFilter level="info" onMatch="ACCEPT" onMismatch="DENY" />
			</Filters>
			<PatternLayout>
				<pattern>${PATTERN_FORMAT}</pattern>
			</PatternLayout>

			<Policies>
				<!-- 日志文件的大小 -->
				<OnStartupTriggeringPolicy />
				  <!-- 每天生成一个日志文件 -->  
                <TimeBasedTriggeringPolicy interval="1" modulate="true"/>  
				<SizeBasedTriggeringPolicy size="20 MB" />
				<TimeBasedTriggeringPolicy />
			</Policies>
		</RollingFile>

		<!--输出警告日志到文件 -->
		<RollingFile name="RollingWarnFile" fileName="${LOG_FILE_PATH}/warn.log" filePattern="${LOG_FILE_PATH}/$${date:yyyyMM}/warn-%d{yyyyMMdd}-%i.log.gz">
			<!--控制台只输出level及以上级别的信息（onMatch），其他的直接拒绝（onMismatch） -->
			<Filters>
				<ThresholdFilter level="error" onMatch="DENY" onMismatch="NEUTRAL" />
				<ThresholdFilter level="warn" onMatch="ACCEPT" onMismatch="DENY" />
			</Filters>

			<PatternLayout>
				<pattern>${PATTERN_FORMAT}</pattern>
			</PatternLayout>

			<Policies>
				<OnStartupTriggeringPolicy />
				  <!-- 每天生成一个日志文件 -->  
                <TimeBasedTriggeringPolicy interval="1" modulate="true"/>  
				<SizeBasedTriggeringPolicy size="20 MB" />
				<TimeBasedTriggeringPolicy />
			</Policies>
		</RollingFile>

		<!--输出错误日志到文件 -->
		<RollingFile name="RollingErrorFile" fileName="${LOG_FILE_PATH}/error.log" filePattern="${LOG_FILE_PATH}/$${date:yyyyMM}/error-%d{yyyyMMdd}-%i.log.gz">
			<!--控制台只输出level及以上级别的信息（onMatch），其他的直接拒绝（onMismatch） -->
			<ThresholdFilter level="error" onMatch="ACCEPT" onMismatch="DENY" />
			<PatternLayout>
				<pattern>${PATTERN_FORMAT}</pattern>
			</PatternLayout>

			<Policies>
				<OnStartupTriggeringPolicy />
				<!-- 每天生成一个日志文件 -->  
				 <TimeBasedTriggeringPolicy interval="1" modulate="true"/>  
				  <!-- 每到20M生成一个日志文件 -->
				<SizeBasedTriggeringPolicy size="20 MB" />
				<TimeBasedTriggeringPolicy />
			</Policies>
			 <!-- 最大保存文件数 -->  
			<DefaultRolloverStrategy max="20" />
		</RollingFile>
	</Appenders>

	<!--然后定义logger，只有定义了logger并引入的appender，appender才会生效 -->
	<Loggers>
		<!--过滤掉spring和mybatis的一些无用的DEBUG信息 -->
		<Logger name="org.springframework" level="DEBUG" />
		<Logger name="org.mybatis" level="DEBUG" />
		<Root level="ALL">
			<AppenderRef ref="Console" />
			<AppenderRef ref="log" />
			<AppenderRef ref="RollingInfoFile" />
			<AppenderRef ref="RollingWarnFile" />
			<AppenderRef ref="RollingErrorFile" />
		</Root>
	</Loggers>
</Configuration>