<?xml version="1.0" encoding="UTF-8"?>
<beans xmlns="http://www.springframework.org/schema/beans"
	xmlns:xsi="http://www.w3.org/2001/XMLSchema-instance" 
	xmlns:websocket="http://www.springframework.org/schema/websocket"
	xmlns:p="http://www.springframework.org/schema/p"
	xmlns:context="http://www.springframework.org/schema/context"
	xmlns:mvc="http://www.springframework.org/schema/mvc"
	xsi:schemaLocation="http://www.springframework.org/schema/beans
		http://www.springframework.org/schema/beans/spring-beans.xsd
        http://www.springframework.org/schema/mvc
		http://www.springframework.org/schema/mvc/spring-mvc-4.1.xsd
        http://www.springframework.org/schema/context
        http://www.springframework.org/schema/context/spring-context.xsd
        http://www.springframework.org/schema/websocket
		http://www.springframework.org/schema/websocket/spring-websocket.xsd">
	<context:component-scan base-package="com.ja.controller"/> 
	<mvc:annotation-driven/>
	<bean
		class="org.springframework.web.servlet.view.InternalResourceViewResolver">
		<property name="prefix" value="/WEB-INF/jsp/" />
		<property name="suffix" value=".jsp" />
	</bean>
	<bean id="multipartResolver"
		class="org.springframework.web.multipart.commons.CommonsMultipartResolver">
		<!-- 设置默认编码 -->
		<property name="defaultEncoding" value="utf-8"></property>
		<!-- 上传图片最大大小5M  1024=1k -->
		<property name="maxUploadSize" value="52424400"></property>
	</bean>

	<mvc:interceptors>
							<!-- 前台拦截  -->
		<mvc:interceptor>
			<mvc:mapping path="/**" />
			<mvc:exclude-mapping path="/error.do"/>
			<mvc:exclude-mapping path="/websocketht/socketServerht.do" />
			<mvc:exclude-mapping path="/sy.do" />
			<mvc:exclude-mapping path="/colorVariety.do" />
			<mvc:exclude-mapping path="/homePageData.do" />
			<mvc:exclude-mapping path="/updatePage.do" />
			<mvc:exclude-mapping path="/xfm.do" />
			<mvc:exclude-mapping path="/whNotice.do" />
			<mvc:exclude-mapping path="/title.do" />
			<mvc:exclude-mapping path="/lotter/lot.do" />
			<mvc:exclude-mapping path="/kfurl.do" />
			<mvc:exclude-mapping path="/download.do" />
			<mvc:exclude-mapping path="/u/code.do" />
			<mvc:exclude-mapping path="/u/checkUser.do" />
			<mvc:exclude-mapping path="/u/register.do" />
			<mvc:exclude-mapping path="/u/login.do" />
			<mvc:exclude-mapping path="/u/tryPlayAcount.do" />
			<mvc:exclude-mapping path="/u/tryplay.do" />
			<mvc:exclude-mapping path="/u/swzh.do" />
			<mvc:exclude-mapping path="/exit.do" />
			<mvc:exclude-mapping path="/u/updateStates.do" />
			<mvc:exclude-mapping path="/u/changePassht.do" />
			<mvc:exclude-mapping path="/order/zjdata.do" />
			<mvc:exclude-mapping path="/indexNotice.do" />
			<mvc:exclude-mapping path="/indexPicture.do" />
			<mvc:exclude-mapping path="/u/panduanshifudenglu.do" />
			<mvc:exclude-mapping path="/lotter/getQiu.do" />
			<mvc:exclude-mapping path="/caizhongjl.do" />
			<mvc:exclude-mapping path="/cplays.do" />
			<mvc:exclude-mapping path="/findOneData.do" />
			<mvc:exclude-mapping path="/lotterDatas.do" />
			<mvc:exclude-mapping path="/findOnelotter.do" />
			<mvc:exclude-mapping path="/findNextNextPeriod.do" />
			<mvc:exclude-mapping path="/act/oneActivity.do" />
			<mvc:exclude-mapping path="/act/allActivity.do" />
			<mvc:exclude-mapping path="/pay/payNotifysTwo.do" />
			<mvc:exclude-mapping path="/findUserNotices.do" />
			
			
			<!-- PC端请求 -->
			<mvc:exclude-mapping path="/pc/**" />
			<mvc:exclude-mapping path="/datas/**" />
			<mvc:exclude-mapping path="/orders/**" />
			<mvc:exclude-mapping path="/recharge/**" />
			<mvc:exclude-mapping path="/users/**" />
			<mvc:exclude-mapping path="/infos/**" />
			<mvc:exclude-mapping path="/notices/**" />
			<mvc:exclude-mapping path="/explains/**" />
			<mvc:exclude-mapping path="/syLotterr.do" />
			<mvc:exclude-mapping path="/pc/touzhu.do" />
	
			
			<!-- 后台请求  -->
			<mvc:exclude-mapping path="/zhgl/**" />
			<mvc:exclude-mapping path="/czgl/**" />
			<mvc:exclude-mapping path="/hygl/**" />
			<mvc:exclude-mapping path="/bbgl/**" />
			<mvc:exclude-mapping path="/admin/**" />
			<mvc:exclude-mapping path="/activity/**" />
			<mvc:exclude-mapping path="/infoNotice/**" />
			<mvc:exclude-mapping path="/kf/**" />
			<mvc:exclude-mapping path="/agents/**" />
			<mvc:exclude-mapping path="/userAgent/**" />
			<mvc:exclude-mapping path="/bjlhtgl/**" />
			<mvc:exclude-mapping path="/bjlgl/**" />
			<mvc:exclude-mapping path="/kajhsgweasdqtwehghasfdnsak6868/**" />
			<mvc:exclude-mapping path="/explain/**" />
			<bean class="com.ja.util.Interceptor" />
		</mvc:interceptor>
		
		  <!--PC端拦截器 -->
		<mvc:interceptor>
			<mvc:mapping path="/pc/personal.do" />
			<mvc:mapping path="/datas/**" />
			<mvc:mapping path="/notices/**" />
			<mvc:mapping path="/orders/**" />
			<mvc:mapping path="/recharge/**" />
			<mvc:mapping path="/users/**" />
			<mvc:mapping path="/infos/**" />
			<mvc:mapping path="/pc/touzhu.do" />
			<mvc:exclude-mapping path="/notices/error.do"/>
			<mvc:exclude-mapping path="/datas/findTrend.do" />
			<mvc:exclude-mapping path="/datas/findTrendBjl.do" />
			<mvc:exclude-mapping path="/orders/myOrders.do" />
			<mvc:exclude-mapping path="/users/pcUserWhetherLogin.do" />
			<mvc:exclude-mapping path="/pc/homePageDataPc.do" />
			<bean class="com.ja.util.Pc_Interceptor" />
		</mvc:interceptor>

        <!-- 后台拦截 -->
		<mvc:interceptor>
			<mvc:mapping path="/kajhsgweasdqtwehghasfdnsak6868/**" />
			<mvc:mapping path="/activity/**" />
			<mvc:mapping path="/zhgl/**" />
			<mvc:mapping path="/czgl/**" />
			<mvc:mapping path="/hygl/**" />
			<mvc:mapping path="/bbgl/**" />
			<mvc:mapping path="/admin/**" />
			<mvc:mapping path="/kf/**" />
			<mvc:mapping path="/infoNotice/**" />
			<mvc:mapping path="/bjlgl/**" />
			<mvc:mapping path="/explain/**" />
			<mvc:mapping path="/u/yhjyqy.do" />
			<mvc:mapping path="/u/changePassht.do" />
			<mvc:mapping path="/inquiries.do" />
			<mvc:mapping path="/Searchmembers.do" />
			<mvc:mapping path="/Agent.do" />
			<mvc:mapping path="/wholesubordinate.do" />
			<mvc:mapping path="/dlfd.do" />
			<mvc:mapping path="/modify.do" />
			<mvc:mapping path="/checkOrder.do" />
			<mvc:exclude-mapping path="/kajhsgweasdqtwehghasfdnsak6868/login.do" />
			<mvc:exclude-mapping path="/kajhsgweasdqtwehghasfdnsak6868/backManagerLogin.do" />
			<mvc:exclude-mapping path="/kajhsgweasdqtwehghasfdnsak6868/exit.do" />
			<bean class="com.ja.util.Ht_Interceptor" />
		</mvc:interceptor>

		<!--代理平台拦截-->
		<mvc:interceptor>
			<mvc:mapping path="/userAgent/**" />
			<mvc:exclude-mapping path="/userAgent/login.do" />
			<mvc:exclude-mapping path="/userAgent/doLogin.do" />
			<bean class="com.ja.util.InterceptorAgent" />
		</mvc:interceptor>

        <!-- 网站维护拦截  手机端 -->
		<mvc:interceptor>
			<mvc:mapping path="/**" />
			
			<mvc:exclude-mapping path="/error.do"/>
			<mvc:exclude-mapping path="/agents/**"/>
			<mvc:exclude-mapping path="/bjlhtgl/**"/>
			<mvc:exclude-mapping path="/sy.do" />
			<mvc:exclude-mapping path="/datas/findTrend.do" />
			<mvc:exclude-mapping path="/datas/findTrendBjl.do" />
			<mvc:exclude-mapping path="/orders/myOrders.do" />
			<mvc:exclude-mapping path="/infos/**"  />
			<mvc:exclude-mapping path="/users/**"  />
			<mvc:exclude-mapping path="/recharge/**"  />
			<mvc:exclude-mapping path="/orders/**"  />
			<mvc:exclude-mapping path="/notices/**" />
			<mvc:exclude-mapping path="/datas/**" />
			<mvc:exclude-mapping path="/pc/**" />
			<mvc:exclude-mapping path="/websocketht/socketServerht.do" />
			<mvc:exclude-mapping path="/updatePage.do" />
			<mvc:exclude-mapping path="/whNotice.do" />
			<mvc:exclude-mapping path="/kajhsgweasdqtwehghasfdnsak6868/**" />
			<mvc:exclude-mapping path="/activity/**" />
			<mvc:exclude-mapping path="/zhgl/**" />
			<mvc:exclude-mapping path="/czgl/**" />
			<mvc:exclude-mapping path="/hygl/**" />
			<mvc:exclude-mapping path="/bbgl/**" />
			<mvc:exclude-mapping path="/admin/**" />
			<mvc:exclude-mapping path="/kf/**" />
			<mvc:exclude-mapping path="/infoNotice/**" />
			<mvc:exclude-mapping path="/bjlgl/**" />
			<mvc:exclude-mapping path="/explain/**" />
			<mvc:exclude-mapping path="/u/yhjyqy.do" />
			<mvc:exclude-mapping path="/u/changePassht.do" />
			<mvc:exclude-mapping path="/inquiries.do" />
			<mvc:exclude-mapping path="/Searchmembers.do" />
			<mvc:exclude-mapping path="/Agent.do" />
			<mvc:exclude-mapping path="/wholesubordinate.do" />
			<mvc:exclude-mapping path="/dlfd.do" />
			<mvc:exclude-mapping path="/modify.do" />
			<mvc:exclude-mapping path="/checkOrder.do" />
			<bean class="com.ja.util.InterceptorClient" />
		</mvc:interceptor>
		
		 <!-- PC端网站拦截维护  -->
		  <mvc:interceptor>
			<mvc:mapping path="/pc/personal.do" />
			<mvc:mapping path="/datas/**" />
			<mvc:mapping path="/notices/**" />
			<mvc:mapping path="/orders/**" />
			<mvc:mapping path="/recharge/**" />
			<mvc:mapping path="/users/**" />
			<mvc:mapping path="/infos/**" />
			<mvc:mapping path="/pc/**" />
			<mvc:exclude-mapping path="/notices/error.do" />
			<bean class="com.ja.util.PcInterceptorClient" />
		</mvc:interceptor>
	</mvc:interceptors>
	
	
	
	 <!-- websocket处理类 -->
    <bean id="msgHandler" class="com.ja.controller.ChatWebSocketHandler" />
    <!-- 握手接口/拦截器-->
    <bean id="handshakeInterceptor" class="com.ja.util.WebSocketHandshakeInterceptor" />
    <websocket:handlers>
        <websocket:mapping path="/websocket/socketServer.do" handler="msgHandler" />
        <websocket:handshake-interceptors>
            <ref bean="handshakeInterceptor" />
        </websocket:handshake-interceptors>
    </websocket:handlers>
    
     <!-- websocket处理类后台 -->
    <bean id="chatWebSocketHandlerht" class="com.ja.controller.ChatWebSocketHandlerht" />
     <!-- 握手接口/拦截器-->
    <bean id="webSocketHandshakeInterceptorhts" class="com.ja.util.WebSocketHandshakeInterceptorht" />
     <websocket:handlers>
        <websocket:mapping path="/websocketht/socketServerht.do" handler="chatWebSocketHandlerht" />
        <websocket:handshake-interceptors>
            <ref bean="webSocketHandshakeInterceptorhts" />
        </websocket:handshake-interceptors>
    </websocket:handlers>
		
</beans>
